Visit #,Start Time,End Time,Ship,Length Of Stay,Ship Type,Cargo Type Name,Visit Shipping Line Name,Stevedore,GT,LOA,Arrival Berth Name,Arrival Berth Code,Departure Berth Name,Departure Berth Code
PEV-18-001099,3/30/18 17:55,4/1/18 7:35,BRENTON REEF,1d14h,TANKER,PETROLEUM,Seabulk Tankers LTD.,"TransMontaigne Product Services, Inc.",30770,619.7809,7,7,7,7
PEV-18-000827,3/30/18 18:15,4/5/18 18:00,HANDY PERTH,5d24h,BULK CARRIER,CEMENT,EMIRATES BULK CARRIERS,Lehigh Cement,23495,590.58,14,14,14,14
PEV-18-001154,3/30/18 19:50,4/1/18 11:10,GOLDEN STATE,1d15h,TANKER,PETROLEUM,"Crowley Petroleum Transport, Inc.",Valero Marketing & Supply Co.,29527,600.423,13,13,13,13
PEV-18-001220,3/31/18 7:50,4/1/18 8:45,PAVO J,1d1h,CONTAINER SHIP,CONTAINER,"Crowley Liner Services, Inc.","Crowley Liner Services, Inc.",8246,458.0276,33A,33A,33A,33A
PEV-18-001221,3/31/18 9:15,4/1/18 18:55,PEGASUS J,1d10h,CONTAINER SHIP,CONTAINER,"Crowley Liner Services, Inc.","Crowley Liner Services, Inc.",8273,458.0276,33C,33C,33A,33A
PEV-18-001219,3/31/18 19:00,4/1/18 1:05,DOLE ECUADOR,6h,CONTAINER SHIP,CONTAINER,Dole Fresh Fruit International LTD.,"Sun Terminals, Inc.",16488,586.8069,31,31,31,31
PEV-18-001108,3/31/18 19:45,4/1/18 17:00,MONTE AZUL,21h,CONTAINER SHIP,CONTAINER,Hamburg-Sud,"Florida International Terminal, LLC",69132,892.596,30,30,30,30
PEV-18-001168,3/31/18 21:05,4/1/18 23:35,BARGE PETROCHEM TRADER,1d3h,TANK BARGE,ETHANOL,USS Vessel Management LLC,"TransMontaigne Product Services, Inc.",10884,521.7446,9,9,9,9
PEV-18-001169,3/31/18 21:05,4/1/18 23:35,TUG BROWNSVILLE,1d3h,TUG,ETHANOL,USS Vessel Management LLC,"TransMontaigne Product Services, Inc.",1348,150.0467,9,9,9,9
PEV-18-000721,3/31/18 21:50,4/1/18 8:10,JAUME I,10h,PASSENGER/FERRY,CRUISE - DAILY,"Balearia Caribbean Ltd., Corp.","Host Terminals, LLC",3989,254.1463,1,1,1,1
PEV-18-001092,3/31/18 23:30,4/1/18 22:10,MSC KWANGYANG,23h,CONTAINER SHIP,CONTAINER,MSC Container Mediterranean Shipping,"Florida Stevedoring, Inc.",74962,997.424,32,32,32,32
PEV-18-001010,4/1/18 5:55,4/1/18 16:35,ALLURE OF THE SEAS,11h,PASSENGER SHIP,CRUISE - MULTI-DAY,"Royal Caribbean Cruise, LTD.",Eller-I.T.O. Stevedoring Company L.L.C.,225282,1181.16,18,18,18,18
PEV-18-001024,4/1/18 6:15,4/1/18 16:15,REGAL PRINCESS,10h,PASSENGER SHIP,CRUISE - MULTI-DAY,"Princess Cruises, Inc.","Florida Stevedoring, Inc.",142714,1082.73,2,2,2,2
PEV-18-001018,4/1/18 6:55,4/1/18 16:25,CELEBRITY SILHOUETTE,10h,PASSENGER SHIP,CRUISE - MULTI-DAY,Celebrity Cruises,Eller-I.T.O. Stevedoring Company L.L.C.,122210,1033.515,29,29,29,29
PEV-18-001021,4/1/18 7:00,4/1/18 16:10,EURODAM,9h,PASSENGER SHIP,CRUISE - MULTI-DAY,Holland America Line,"Florida Stevedoring, Inc.",86273,936.4958,26,26,26,26
PEV-18-001015,4/1/18 7:15,4/1/18 18:30,CARIBBEAN PRINCESS,11h,PASSENGER SHIP,CRUISE - MULTI-DAY,"Princess Cruises, Inc.","Florida Stevedoring, Inc.",112894,950.0464,19,19,19,19
PEV-18-001027,4/1/18 7:30,4/1/18 16:00,ZUIDERDAM,9h,PASSENGER SHIP,CRUISE - MULTI-DAY,"Holland America Line-Westours, Inc.","Florida Stevedoring, Inc.",82305,936.463,21,21,21,21
PEV-18-001223,4/1/18 10:15,4/2/18 13:05,REGULA,1d3h,CONTAINER SHIP,CONTAINER,"Crowley Liner Services, Inc.","Crowley Liner Services, Inc.",7219,435.3887,33B,33B,33A,33A
PEV-18-001129,4/1/18 10:50,4/2/18 11:30,BARGE 750-2,1d1h,"TANK BARGE, PUSHED",GASOLINE,Nordsud Shipping,"Marathon Petroleum Company, LLC",25239,600.0293,7,7,7,7
PEV-18-001130,4/1/18 10:50,4/2/18 11:30,TUG LEGEND,1d1h,TUG,GASOLINE,Nordsud Shipping,"Marathon Petroleum Company, LLC",2164,147.645,7,7,7,7
PEV-18-001106,4/1/18 12:45,4/2/18 20:10,SEABULK ARCTIC,1d7h,TANKER,PETROLEUM,Seabulk Tanker Co.,Citgo Petroleum Corporation,30415,600.423,13,13,13,13
PEV-18-001222,4/1/18 13:30,4/2/18 3:35,K-BREEZE,14h,CONTAINER SHIP,CONTAINER,"Crowley Liner Services, Inc.","Crowley Liner Services, Inc.",8246,458.0276,33C,33C,33A,33A
PEV-18-001218,4/1/18 13:45,4/1/18 20:20,AGENA,7h,GENERAL CARGO,CONTAINER,King Ocean Services Limited (Cayman Islands) Incorporated,"Sun Terminals, Inc.",2528,284.0034,31,31,31,31
PEV-18-001184,4/1/18 19:10,4/2/18 6:10,ST LOUIS EXPRESS,11h,CONTAINER SHIP,CONTAINER,Hapag Lloyd,"Florida International Terminal, LLC",40146,798.4313,30,30,30,30
PEV-18-000955,4/1/18 21:50,4/3/18 8:10,JAUME I,1d10h,PASSENGER/FERRY,CRUISE - DAILY,"Balearia Caribbean Ltd., Corp.","Host Terminals, LLC",3989,254.1463,1,1,1,1
PEV-18-001240,4/1/18 23:40,4/2/18 8:35,GREEN FAST,9h,CONTAINER SHIP,CONTAINER,King Ocean Services Limited (Cayman Islands) Incorporated,"Sun Terminals, Inc.",5522,386.8627,31,31,31,31
PEV-18-001193,4/2/18 1:25,4/3/18 3:10,TUG BARBARA E. BOUCHARD,1d2h,TUG,GASOLINE,Bouchard Transportation.,"TransMontaigne Product Services, Inc.",199,121.0033,9,9,9,9
PEV-18-001192,4/2/18 1:25,4/3/18 3:10,BARGE BOUCHARD 240,1d2h,BARGE CARRIER,GASOLINE,Bouchard Transportation.,"TransMontaigne Product Services, Inc.",9242,446,9,9,9,9
PEV-18-001031,4/2/18 5:25,4/2/18 16:40,CELEBRITY REFLECTION,11h,PASSENGER SHIP,CRUISE - MULTI-DAY,Celebrity Cruises,Eller-I.T.O. Stevedoring Company L.L.C.,125366,1046.639,29,29,29,29
PEV-18-001033,4/2/18 5:30,4/2/18 22:05,CELEBRITY SUMMIT,17h,PASSENGER SHIP,CRUISE - MULTI-DAY,Celebrity Cruises,Eller-I.T.O. Stevedoring Company L.L.C.,90940,964.614,19,19,19,19
PEV-18-001030,4/2/18 5:55,4/2/18 13:10,CELEBRITY INFINITY,7h,PASSENGER SHIP,CRUISE - MULTI-DAY,Celebrity Cruises,Eller-I.T.O. Stevedoring Company L.L.C.,90280,964.614,4,4,4,4
PEV-18-001034,4/2/18 6:15,4/2/18 15:55,ZAANDAM,10h,PASSENGER SHIP,CRUISE - MULTI-DAY,Holland America Line,"Florida Stevedoring, Inc.",60906,777.6001,26,26,26,26
PEV-18-001236,4/2/18 6:45,4/2/18 17:05,VANQUISH,10h,GENERAL CARGO,CONTAINER,Hybur LTD.,H. T. Shipping Inc and Hybur Ltd.,3871,328.0016,16,16,16,16
PEV-18-000985,4/2/18 7:45,4/2/18 13:40,MAERSK WILMINGTON,6h,CONTAINER SHIP,CONTAINER,Maersk/Sealand.  (Containers),"Florida International Terminal, LLC",17280,564.2992,30,30,30,30
PEV-18-001201,4/2/18 7:55,4/4/18 19:25,WARNOW WHALE,2d11h,CONTAINER SHIP,CONTAINER,Solymar/Agriex Line,Portus-PEV LLC,15375,545.1381,17,17,27,27
PEV-18-001091,4/2/18 10:40,4/2/18 18:55,ALLEGRO,8h,CONTAINER SHIP,CONTAINER,MSC Container Mediterranean Shipping,"Florida Stevedoring, Inc.",2984,323.7691,32,32,32,32
PEV-18-001233,4/2/18 15:45,4/3/18 2:10,SPIRIT OF LISBON,10h,CONTAINER SHIP,CONTAINER,Hamburg-Sud,"Florida International Terminal, LLC",40541,856.4722,30,30,30,30
PEV-18-001083,4/2/18 18:30,4/3/18 8:05,MSC CADIZ,14h,CONTAINER SHIP,CONTAINER,MSC Container Mediterranean Shipping,"Florida Stevedoring, Inc.",61870,887.1824,31,31,31,31
PEV-18-001122,4/2/18 21:50,4/4/18 19:55,TUG OSG COLUMBIA,1d22h,TUG,PETROLEUM,OSG America,Valero Marketing & Supply Co.,709,131.0103,13,13,5,5
PEV-18-001123,4/2/18 21:50,4/4/18 19:55,BARGE OSG 242,1d22h,BARGE CARRIER,PETROLEUM,OSG Ship Management,Valero Marketing & Supply Co.,11951,580.6714,13,13,5,5
PEV-18-001229,4/2/18 22:45,4/3/18 19:00,K-STORM,20h,CONTAINER SHIP,CONTAINER,"Crowley Liner Services, Inc.","Crowley Liner Services, Inc.",8246,458.0276,32,32,32,32
PEV-18-001109,4/3/18 4:55,4/4/18 22:00,HOEGH MASAN,1d17h,VEHICLES CARRIER,AUTOMOBILES,Hoegh Autoliners,Logistec Stevedoring Inc.,44219,588.8575,29,29,29,29
PEV-18-001037,4/3/18 5:40,4/3/18 17:20,OOSTERDAM,12h,PASSENGER SHIP,CRUISE - MULTI-DAY,Holland America Line,"Florida Stevedoring, Inc.",82305,935.8724,19,19,19,19
PEV-18-001238,4/3/18 6:35,4/3/18 14:35,VANTAGE,8h,GENERAL CARGO,CONTAINER,Hybur LTD.,H. T. Shipping Inc and Hybur Ltd.,3871,328.0016,16,16,16,16
PEV-18-001036,4/3/18 6:40,4/3/18 20:10,INDEPENDENCE OF THE SEAS,14h,PASSENGER SHIP,CRUISE - MULTI-DAY,"Royal Caribbean Cruise, LTD.",Eller-I.T.O. Stevedoring Company L.L.C.,154407,1111.9965,18,18,18,18
PEV-18-001174,4/3/18 7:45,4/3/18 16:25,TIGER,9h,CONTAINER SHIP,CONTAINER,Maersk/Sealand.  (Containers),"Florida International Terminal, LLC",25756,680.6763,30,30,30,30
PEV-18-001035,4/3/18 7:50,4/3/18 18:40,CROWN PRINCESS,11h,PASSENGER SHIP,CRUISE - MULTI-DAY,"Princess Cruises, Inc.","Florida Stevedoring, Inc.",113561,946.995,2,2,2,2
PEV-18-001225,4/3/18 8:50,4/3/18 15:15,FIESTA MAIL,6h,CONTAINER SHIP,CONTAINER,MAILBOAT COMPANY,Portus-PEV LLC,2485,225.175,21,21,21,21
PEV-18-001242,4/3/18 10:10,4/3/18 23:05,BARGE RTC 101,13h,BARGE CARRIER,PETROLEUM,Reinauer Transportation,"Motiva Enterprises, LLC",6220,409.3,9,9,9,9
PEV-18-001243,4/3/18 10:10,4/3/18 23:05,TUG MORGAN REINAUER,13h,TUG,PETROLEUM,Reinauer Transportation,"Motiva Enterprises, LLC",184,0,9,9,9,9
PEV-18-001230,4/3/18 12:30,4/4/18 5:00,TUCANA J,17h,CONTAINER SHIP,CONTAINER,"Crowley Liner Services, Inc.","Crowley Liner Services, Inc.",8246,458.0276,33A,33A,33A,33A
PEV-18-001250,4/3/18 13:35,4/6/18 22:25,SOPHIA,3d9h,GENERAL CARGO,LAY-IN,Hansa Heavy Lift,STEVEDORE NOT REQUIRED,9616,452.8764,4,4,4,4
PEV-18-001237,4/3/18 15:00,4/5/18 15:15,CARIBE NAVIGATOR,2d,GENERAL CARGO,CONTAINER,Hybur LTD.,H. T. Shipping Inc and Hybur Ltd.,2996,327.9359,16,16,16,16
PEV-18-001175,4/3/18 18:15,4/4/18 1:40,MAERSK WEYMOUTH,7h,CONTAINER SHIP,CONTAINER,Maersk/Sealand.  (Containers),"Florida International Terminal, LLC",18123,574.5031,31,31,31,31
PEV-18-001248,4/3/18 19:20,4/4/18 18:15,LINDA D,23h,LANDING CRAFT,CONTAINER,Seacor Marine Inc.,SEACOR Island Lines LLC,1092,209.3278,15,15,17,17
PEV-18-001282,4/3/18 19:25,4/4/18 12:45,RIO BARROW,17h,CONTAINER SHIP,CONTAINER,Hapag Lloyd,"Florida International Terminal, LLC",65059,901.4876,30,30,30,30
PEV-18-000956,4/3/18 21:45,4/5/18 8:05,JAUME I,1d10h,PASSENGER/FERRY,CRUISE - DAILY,"Balearia Caribbean Ltd., Corp.","Host Terminals, LLC",3989,254.1463,1,1,1,1
PEV-18-001245,4/4/18 0:55,4/5/18 13:10,GARDEN STATE,1d12h,TANKER,PETROLEUM,"Crowley Petroleum Transport, Inc.","Motiva Enterprises, LLC",29923,610.266,9,9,9,9
PEV-18-001232,4/4/18 1:15,4/5/18 23:05,AS FIORELLA,1d22h,CONTAINER SHIP,CONTAINER,"Crowley Liner Services, Inc.","Crowley Liner Services, Inc.",15375,545.1381,32,32,32,32
PEV-18-001241,4/4/18 3:00,4/4/18 17:20,GREEN FAST,14h,CONTAINER SHIP,CONTAINER,King Ocean Services Limited (Cayman Islands) Incorporated,"Sun Terminals, Inc.",5522,386.8627,31,31,31,31
PEV-18-001252,4/4/18 5:30,4/5/18 11:10,TUG TINA PYNE,1d6h,TUG,PETROLEUM,Kirby Offshore Marine,"Transmontaigne Product Services, Inc.",1180,135.9974,13,13,13,13
PEV-18-001251,4/4/18 5:30,4/5/18 11:10,BARGE KIRBY 185-02,1d6h,TANK BARGE,PETROLEUM,Kirby Offshore Marine,"Transmontaigne Product Services, Inc.",11647,578,13,13,13,13
PEV-18-001038,4/4/18 7:10,4/4/18 17:05,VEENDAM,10h,PASSENGER SHIP,CRUISE - MULTI-DAY,Holland America Line,"Florida Stevedoring, Inc.",57092,719.228,21,21,21,21
PEV-18-001231,4/4/18 9:50,4/5/18 4:15,DENEB J,18h,CONTAINER SHIP,CONTAINER,"Crowley Liner Services, Inc.","Crowley Liner Services, Inc.",8280,458.0276,33A,33A,33A,33A
PEV-18-001200,4/4/18 10:00,4/4/18 20:55,VI-NAIS,11h,GENERAL CARGO,CONTAINER,COASTLINE SHIPLINE LIMITED,"Host Terminals, LLC",487,190.0355,18,18,18,18
PEV-18-001090,4/4/18 11:00,4/4/18 20:00,JSP AMIHAN,9h,CONTAINER SHIP,CONTAINER,MSC Container Mediterranean Shipping,"Florida Stevedoring, Inc.",9996,456.6168,32,32,32,32
PEV-18-001226,4/4/18 18:00,4/4/18 22:20,CAPE MAIL,4h,CONTAINER SHIP,CONTAINER,MAILBOAT COMPANY,Portus-PEV LLC,858,218.0224,21,21,21,21
PEV-18-001280,4/4/18 18:50,4/5/18 17:15,VEGA LUNA,22h,CONTAINER SHIP,CONTAINER,King Ocean Services Limited (Cayman Islands) Incorporated,"Sun Terminals, Inc.",9940,485.1615,31,31,31,31
PEV-18-001234,4/4/18 19:50,4/5/18 2:00,JPO CAPRICORNUS,6h,CONTAINER SHIP,CONTAINER,Hamburg-Sud,"Florida International Terminal, LLC",41359,866.184,30,30,30,30
PEV-18-001244,4/5/18 0:05,4/6/18 9:35,TEXAS,1d9h,TANKER,PETROLEUM,Exxon,ExxonMobil Oil Corporation,29801,601.4401,7,7,7,7
PEV-18-000997,4/5/18 4:05,4/8/18 1:00,HTC DELTA,2d21h,BULK CARRIER,STEEL,Bulk Atlantic,Portus-PEV LLC,32987,623.3572,29,29,29,29
PEV-18-001279,4/5/18 6:50,4/7/18 0:10,HOHEBANK,1d17h,CONTAINER SHIP,CONTAINER,King Ocean Services Limited (Cayman Islands) Incorporated,"Sun Terminals, Inc.",9996,456.3871,17,17,17,17
PEV-18-001277,4/5/18 7:20,4/7/18 3:15,ROTHORN,1d20h,CONTAINER SHIP,CONTAINER,King Ocean Services Limited (Cayman Islands) Incorporated,"Sun Terminals, Inc.",12029,515.5107,33A,33A,33A,33A
PEV-18-001247,4/5/18 8:50,4/6/18 15:00,GRAND EXPRESS,1d6h,LANDING CRAFT,CONTAINER,Seacor Marine Inc.,SEACOR Island Lines LLC,1671,256.2461,11,11,15,15
PEV-18-001159,4/5/18 12:45,4/6/18 16:25,OVERSEAS NEW YORK,1d4h,TANKER,PETROLEUM,OSG Ship Management,Valero Marketing & Supply Co.,29242,601.0792,13,13,13,13
PEV-18-001294,4/5/18 12:55,4/5/18 18:55,YACHT AURORA,6h,YACHT,FOR BUNKERS ONLY/STORES,Owner (Misc Vessel) Not Listed.,STEVEDORE NOT REQUIRED,2113,242.794,3,3,3,3
PEV-18-001293,4/5/18 14:15,4/5/18 22:50,CHARLOTTE,9h,GENERAL CARGO,CONTAINER,King Ocean Services Limited (Cayman Islands) Incorporated,"Sun Terminals, Inc.",2035,297.2586,31,31,31,31
PEV-18-001239,4/5/18 15:30,4/5/18 21:35,VANTAGE,6h,GENERAL CARGO,CONTAINER,Hybur LTD.,H. T. Shipping Inc and Hybur Ltd.,3871,328.0016,16,16,16,16
PEV-18-001296,4/5/18 21:10,4/6/18 19:45,TUG GULF VENTURE,23h,TUG,ETHANOL,"Transmontaigne Product Services, Inc.",TransMontaigne Operating Company L.P.,701,122.004,9,9,9,9
PEV-18-001295,4/5/18 21:10,4/6/18 19:45,BARGE GULF CARRIER,23h,TANK BARGE,ETHANOL,"Transmontaigne Product Services, Inc.",TransMontaigne Operating Company L.P.,6402,481,9,9,9,9
PEV-18-000957,4/5/18 21:45,4/6/18 7:55,JAUME I,10h,PASSENGER/FERRY,CRUISE - DAILY,"Balearia Caribbean Ltd., Corp.","Host Terminals, LLC",3989,254.1463,1,1,1,1
PEV-18-001095,4/6/18 4:10,4/7/18 13:25,BARGE EMI 1151,1d9h,CEMENT CARRIER,SLAG,LEHIGH CEMENT COMPANY,Lehigh Cement,3631,360,14,14,14,14
PEV-18-001094,4/6/18 4:10,4/7/18 13:25,TUG DUTY,1d9h,TUG,SLAG,LEHIGH CEMENT COMPANY,Lehigh Cement,332,102.0391,14,14,14,14
PEV-18-001276,4/6/18 5:15,4/6/18 19:05,CHIQUITA EXPRESS,14h,CONTAINER SHIP,CONTAINER,"Chiquita Fresh North America, LLC","Florida International Terminal, LLC",27059,695.0798,30,30,30,30
PEV-18-000986,4/6/18 6:25,4/6/18 15:15,MAERSK OHIO,9h,CONTAINER SHIP,CONTAINER,Maersk/Sealand.  (Containers),"Florida Stevedoring, Inc.",50686,958.3145,32,32,32,32
PEV-18-001281,4/6/18 7:05,4/7/18 19:35,MELBOURNE STRAIT,1d13h,CONTAINER SHIP,CONTAINER,King Ocean Services Limited (Cayman Islands) Incorporated,"Sun Terminals, Inc.",21018,589.4316,31,31,31,31
PEV-18-001136,4/6/18 7:20,4/6/18 20:00,SILVER WIND,13h,PASSENGER SHIP,CRUISE - MULTI-DAY,Silversea Cruises,Ceres Marine Terminals Inc.,17235,511.2126,19,19,19,19
PEV-18-001313,4/6/18 8:10,4/6/18 23:20,CARIBE MARINER,15h,CONTAINER SHIP,LAY-IN,Hybur LTD.,H. T. Shipping Inc and Hybur Ltd.,2899,325.7049,11,11,11,11
PEV-18-001202,4/6/18 11:20,4/7/18 17:30,AMERICAN LIBERTY,1d6h,TANKER,PETROLEUM,Nordsud Shipping,"Marathon Petroleum Company, LLC",29801,601.4401,7,7,7,7
PEV-18-001249,4/6/18 15:30,4/6/18 22:00,PELAGIC EXPRESS,7h,GENERAL CARGO,CONTAINER,Seacor Marine Inc.,H. T. Shipping Inc and Hybur Ltd.,1867,266.9094,15,15,15,15
PEV-18-001186,4/6/18 18:05,4/8/18 9:15,OVERSEAS NIKISKI,1d15h,TANKER,JET FUEL,OSG Ship Management,Valero Marketing & Supply Co.,29242,601.0792,13,13,13,13
PEV-18-001246,4/6/18 21:35,4/8/18 3:35,TEXAS VOYAGER,1d6h,TANKER,GASOLINE,Chevron USA,Chevron USA,29923,610.266,9,9,9,9
PEV-18-000958,4/6/18 21:40,4/7/18 8:10,JAUME I,11h,PASSENGER/FERRY,CRUISE - DAILY,"Balearia Caribbean Ltd., Corp.","Host Terminals, LLC",3989,254.1463,1,1,1,1
PEV-18-001316,4/7/18 4:35,4/7/18 18:55,K-BREEZE,14h,CONTAINER SHIP,CONTAINER,"Crowley Liner Services, Inc.","Crowley Liner Services, Inc.",8246,458.0276,33A,33A,33A,33A
PEV-18-001286,4/7/18 5:10,4/7/18 15:05,ALLEGRO,10h,CONTAINER SHIP,CONTAINER,MSC Container Mediterranean Shipping,"Florida Stevedoring, Inc.",2984,323.7691,32,32,32,32
PEV-18-001137,4/7/18 6:10,4/7/18 16:35,HARMONY OF THE SEAS,10h,PASSENGER SHIP,CRUISE - MULTI-DAY,"Royal Caribbean Cruise, LTD.",Eller-I.T.O. Stevedoring Company L.L.C.,226963,1188.1157,18,18,18,18
PEV-18-001141,4/7/18 7:00,4/7/18 16:20,NIEUW AMSTERDAM,9h,PASSENGER SHIP,CRUISE - MULTI-DAY,"Holland America Line-Westours, Inc.","Florida Stevedoring, Inc.",86273,936.0693,26,26,26,26
PEV-18-001235,4/7/18 8:20,4/7/18 21:45,TABEA,13h,CONTAINER SHIP,CONTAINER,Hapag Lloyd,"Florida International Terminal, LLC",66280,904.8998,30,30,30,30
PEV-18-001314,4/7/18 10:15,4/9/18 13:15,USCGC BEAR WMEC 901,2d3h,USCG,U.S. COAST GUARD,U S Coast Guard,STEVEDORE NOT REQUIRED,1820,270,6,6,6,6
PEV-18-001315,4/7/18 12:40,4/8/18 10:10,PAVO J,22h,CONTAINER SHIP,CONTAINER,"Crowley Liner Services, Inc.","Crowley Liner Services, Inc.",8246,458.0276,32,32,32,32
PEV-18-001334,4/7/18 21:05,4/8/18 8:35,DOLE CALIFORNIA,12h,CONTAINER SHIP,CONTAINER,Dole Fresh Fruit International LTD.,"Sun Terminals, Inc.",16488,586.8069,31,31,31,31
PEV-18-000959,4/7/18 21:55,4/8/18 7:55,JAUME I,10h,PASSENGER/FERRY,CRUISE - DAILY,"Balearia Caribbean Ltd., Corp.","Host Terminals, LLC",3989,254.1463,1,1,1,1
PEV-18-001176,4/7/18 23:20,4/8/18 13:05,MAERSK WOLFSBURG,14h,CONTAINER SHIP,CONTAINER,Maersk/Sealand.  (Containers),"Florida International Terminal, LLC",18123,574.5031,30,30,30,30
PEV-18-001022,4/8/18 5:35,4/8/18 16:00,EURODAM,10h,PASSENGER SHIP,CRUISE - MULTI-DAY,Holland America Line,"Florida Stevedoring, Inc.",86273,936.4958,19,19,19,19
PEV-18-001025,4/8/18 6:10,4/8/18 16:10,REGAL PRINCESS,10h,PASSENGER SHIP,CRUISE - MULTI-DAY,"Princess Cruises, Inc.","Florida Stevedoring, Inc.",142714,1082.73,2,2,2,2
PEV-18-001147,4/8/18 6:15,4/8/18 19:00,FREEDOM OF THE SEAS,13h,PASSENGER SHIP,CRUISE - MULTI-DAY,"Royal Caribbean Cruise, LTD.",Eller-I.T.O. Stevedoring Company L.L.C.,154407,1111.5044,29,29,29,29
PEV-18-001011,4/8/18 6:25,4/8/18 16:40,ALLURE OF THE SEAS,10h,PASSENGER SHIP,CRUISE - MULTI-DAY,"Royal Caribbean Cruise, LTD.",Eller-I.T.O. Stevedoring Company L.L.C.,225282,1181.16,18,18,18,18
PEV-18-001019,4/8/18 6:55,4/8/18 16:30,CELEBRITY SILHOUETTE,10h,PASSENGER SHIP,CRUISE - MULTI-DAY,Celebrity Cruises,Eller-I.T.O. Stevedoring Company L.L.C.,122210,1033.515,26,26,26,26
PEV-18-001143,4/8/18 7:00,4/8/18 15:55,CARNIVAL CONQUEST,9h,PASSENGER SHIP,CRUISE - MULTI-DAY,Carnival Corporation,"Florida Stevedoring, Inc.",110239,952.1462,4,4,4,4
PEV-18-001283,4/8/18 8:35,4/9/18 17:40,JO REDWOOD,1d9h,TANKER,JET FUEL,Straits Tankers PTE LTD,"Motiva Enterprises, LLC",43053,750.0366,9,9,9,9
PEV-18-001322,4/8/18 10:55,4/9/18 3:10,PALANCA MONTEVIDEO,16h,TANKER,ASPHALT,Wisby Tankers,"Transmontaigne Product Services, Inc.",22840,600.423,8,8,8,8
PEV-18-001331,4/8/18 12:55,4/8/18 22:30,REGULA,10h,CONTAINER SHIP,CONTAINER,"Crowley Liner Services, Inc.","Crowley Liner Services, Inc.",7219,435.3887,33A,33A,33A,33A
PEV-18-001227,4/8/18 18:45,4/12/18 6:10,INDUSTRIAL GUIDE,3d11h,GENERAL CARGO,YACHTS LOAD ON-OFF,Projekt Schiff 2 Gmbh & Co. & Kg.,"Host Terminals, LLC",17634,553.2094,21,21,14,14
PEV-18-000992,4/8/18 18:50,4/11/18 3:15,HAPPY DYNAMIC,2d8h,GENERAL CARGO,YACHTS LOAD ON-OFF,Happy Dinamic-Rederij-Netherlands,"Host Terminals, LLC",14784,514.8873,22,22,22,22
PEV-18-001332,4/8/18 19:25,4/9/18 9:10,VEGA SACHSEN,14h,GENERAL CARGO,CONTAINER,"Crowley Liner Services, Inc.","Crowley Liner Services, Inc.",9957,484.9646,32,32,33A,33A
PEV-18-001305,4/8/18 20:10,4/9/18 16:30,CARIBE MARINER,20h,CONTAINER SHIP,CONTAINER,Hybur LTD.,H. T. Shipping Inc and Hybur Ltd.,2899,325.7049,16,16,16,16
PEV-18-001333,4/8/18 20:45,4/9/18 11:45,TUG CROSBY LIGHT,15h,TUG,PROPANE,Targa Downstream Services LLC,Targa Downstream Services LLC,233,102.9906,11,11,11,11
PEV-18-001335,4/8/18 20:45,4/9/18 11:45,BARGE APACHE,15h,TANK BARGE,PROPANE,Targa Downstream Services LLC,Targa Downstream Services LLC,3550,285,11,11,11,11
PEV-18-000960,4/8/18 22:00,4/10/18 8:00,JAUME I,1d10h,PASSENGER/FERRY,CRUISE - DAILY,"Balearia Caribbean Ltd., Corp.","Host Terminals, LLC",3989,254.1463,1,1,1,1
PEV-18-001297,4/9/18 0:35,4/10/18 10:20,GOLDEN STATE,1d10h,TANKER,PETROLEUM,"Crowley Petroleum Transport, Inc.",Valero Marketing & Supply Co.,29527,600.423,13,13,13,13
PEV-18-001352,4/9/18 1:35,4/9/18 9:25,AGENA,8h,GENERAL CARGO,CONTAINER,King Ocean Services Limited (Cayman Islands) Incorporated,"Sun Terminals, Inc.",2528,284.0034,31,31,31,31
PEV-18-001085,4/9/18 3:15,4/9/18 18:10,MSC MARTA,15h,CONTAINER SHIP,CONTAINER,MSC Container Mediterranean Shipping,"Florida Stevedoring, Inc.",65483,901.1923,32,32,32,32
PEV-18-001342,4/9/18 4:30,4/12/18 2:35,HTC DELTA,2d22h,BULK CARRIER,STEEL,Bulk Atlantic,Portus-PEV LLC,32987,623.3572,29,29,29,29
PEV-18-001203,4/9/18 6:10,4/9/18 16:15,ROYAL PRINCESS,10h,PASSENGER SHIP,CRUISE - MULTI-DAY,"Princess Cruises, Inc.","Florida Stevedoring, Inc.",142714,1082.73,2,2,2,2
PEV-18-001205,4/9/18 6:45,4/9/18 16:00,SERENADE OF THE SEAS,9h,PASSENGER SHIP,CRUISE - MULTI-DAY,"Royal Caribbean Cruise, LTD.",Eller-I.T.O. Stevedoring Company L.L.C.,90090,961.9892,19,19,19,19
PEV-18-001087,4/9/18 7:30,4/9/18 21:00,POSEIDON LEADER,14h,VEHICLES CARRIER,AUTOMOBILES,NYK Line North America Inc.,"Coleary Transport Co.,Inc",63001,656.0031,26,26,26,26
PEV-18-001337,4/9/18 8:20,4/9/18 17:00,VI-NAIS,9h,GENERAL CARGO,GENERAL CARGO,COASTLINE SHIPLINE LIMITED,"Host Terminals, LLC",487,190.0355,18,18,18,18
PEV-18-001336,4/9/18 8:25,4/9/18 20:25,ELISABETH-S.,12h,CONTAINER SHIP,CONTAINER,Hamburg-Sud,"Florida International Terminal, LLC",40541,856.6691,30,30,30,30
PEV-18-001317,4/9/18 9:00,4/9/18 15:20,PEGASUS J,6h,CONTAINER SHIP,CONTAINER,"Crowley Liner Services, Inc.","Crowley Liner Services, Inc.",8273,458.0276,33C,33C,33A,33A
PEV-18-001351,4/9/18 11:15,4/10/18 0:20,TUG GENESIS VICTORY,13h,TUG,DIESEL,Kirby Offshore Marine,"TransMontaigne Product Services, Inc.",389,104.992,7,7,7,7
PEV-18-001341,4/9/18 11:15,4/10/18 0:20,BARGE GM 6506,13h,TANK BARGE,DIESEL,Genesis Marine,"TransMontaigne Product Services, Inc.",5778,362,7,7,7,7
PEV-18-001288,4/9/18 11:25,4/9/18 18:30,ALLEGRO,7h,CONTAINER SHIP,CONTAINER,MSC Container Mediterranean Shipping,"Florida Stevedoring, Inc.",2984,323.7691,31,31,31,31
PEV-18-001361,4/9/18 13:00,4/10/18 2:05,PAVO J,13h,CONTAINER SHIP,CONTAINER,"Crowley Liner Services, Inc.","Crowley Liner Services, Inc.",8246,458.0276,33C,33C,33A,33A
PEV-18-001151,4/9/18 15:05,4/13/18 15:00,PEARL MIST,3d24h,PASSENGER SHIP,CRUISE - MULTI-DAY,PEARL SEAS CRUISES,Eller-I.T.O. Stevedoring Company L.L.C.,5109,324.983,4,4,4,4
PEV-18-001298,4/9/18 16:45,4/14/18 8:15,TUG R HERCULES,4d15h,TUG,LAY-IN,Owner (Misc Vessel) Not Listed.,STEVEDORE NOT REQUIRED,335,98.43,28F,28F,11,11
PEV-18-000987,4/9/18 20:20,4/10/18 13:05,MAERSK KOBE,17h,CONTAINER SHIP,CONTAINER,Maersk/Sealand.  (Containers),"Florida Stevedoring, Inc.",74661,997.424,32,32,32,32
PEV-18-001309,4/9/18 20:45,4/10/18 22:55,BARGE MISSISSIPPI,1d2h,BARGE CARRIER,GASOLINE,Chevron USA,Chevron USA,11507,494.7,9,9,9,9
PEV-18-001310,4/9/18 20:45,4/10/18 22:55,TUG LEIGH ANN MORAN,1d2h,TUG,GASOLINE,Chevron USA,Chevron USA,708,121.0033,9,9,9,9
PEV-18-001318,4/9/18 23:00,4/10/18 8:15,WASHINGTON EXPRESS,9h,CONTAINER SHIP,CONTAINER,Hapag Lloyd,"Florida International Terminal, LLC",40146,798.4313,30,30,30,30
PEV-18-001330,4/9/18 23:35,4/10/18 11:15,K-STORM,12h,CONTAINER SHIP,CONTAINER,"Crowley Liner Services, Inc.","Crowley Liner Services, Inc.",8246,458.0276,33C,33C,33A,33A
PEV-18-001343,4/10/18 3:55,4/12/18 3:15,WARNOW WHALE,1d23h,CONTAINER SHIP,CONTAINER,Solymar/Agriex Line,Portus-PEV LLC,15375,545.1381,19,19,27,27
PEV-18-001207,4/10/18 6:40,4/10/18 16:20,CORAL PRINCESS,10h,PASSENGER SHIP,CRUISE - MULTI-DAY,"Princess Cruises, Inc.","Florida Stevedoring, Inc.",91627,964.614,2,2,2,2
PEV-18-001301,4/10/18 6:50,4/10/18 20:00,VANQUISH,13h,GENERAL CARGO,CONTAINER,Hybur LTD.,H. T. Shipping Inc and Hybur Ltd.,3871,328.0016,17,17,17,17
PEV-18-001188,4/10/18 7:55,4/12/18 22:10,STAR LOFOTEN,2d14h,GENERAL CARGO,YACHTS LOAD ON-OFF,RAVEN OFFSHORE YACHT SHIPPING,"Host Terminals, LLC",37447,670.5183,5,5,5,5
PEV-18-001328,4/10/18 8:00,4/11/18 0:01,WEISSHORN,16h,CONTAINER SHIP,CONTAINER,"Crowley Liner Services, Inc.","Crowley Liner Services, Inc.",12029,515.5435,31,31,31,31
PEV-18-001177,4/10/18 10:25,4/10/18 20:30,CAP ROBERTA,10h,CONTAINER SHIP,CONTAINER,Maersk/Sealand.  (Containers),"Florida International Terminal, LLC",32901,736.5845,30,30,30,30
PEV-18-001339,4/10/18 11:55,4/11/18 19:10,BARGE 550-4,1d7h,TANK BARGE,GASOLINE,"Crowley Petroleum Transport, Inc.","Motiva Enterprises, LLC",11457,501.993,13,13,13,13
PEV-18-001338,4/10/18 11:55,4/11/18 19:10,TUG COASTAL RELIANCE,1d7h,TUG,GASOLINE,"Crowley Petroleum Transport, Inc.","Motiva Enterprises, LLC",963,126.974,13,13,13,13
PEV-18-001329,4/10/18 12:40,4/11/18 3:35,TUCANA J,15h,CONTAINER SHIP,CONTAINER,"Crowley Liner Services, Inc.","Crowley Liner Services, Inc.",8246,458.0276,33A,33A,33A,33A
PEV-18-001353,4/10/18 14:35,4/12/18 23:50,JAN CARIBE,2d9h,GENERAL CARGO,CONTAINER,King Ocean Services Limited (Cayman Islands) Incorporated,"Sun Terminals, Inc.",2770,310.0545,31,31,31,31
PEV-18-001300,4/10/18 14:40,4/12/18 14:40,CARIBE NAVIGATOR,2d,GENERAL CARGO,CONTAINER,Hybur LTD.,H. T. Shipping Inc and Hybur Ltd.,2996,327.9359,16,16,16,16
PEV-18-001388,4/10/18 20:15,4/11/18 2:10,VEGA SACHSEN,6h,GENERAL CARGO,LAY-IN,"Crowley Liner Services, Inc.","Crowley Liner Services, Inc.",9957,484.9646,33C,33C,33C,33C
PEV-18-000961,4/10/18 21:40,4/12/18 7:55,JAUME I,1d10h,PASSENGER/FERRY,CRUISE - DAILY,"Balearia Caribbean Ltd., Corp.","Host Terminals, LLC",3989,254.1463,1,1,1,1
PEV-18-001320,4/11/18 3:00,4/12/18 3:40,BRENTON REEF,1d1h,TANKER,PETROLEUM,Seabulk Tankers LTD.,"TransMontaigne Product Services, Inc.",30770,619.7809,9,9,9,9
PEV-18-001366,4/11/18 3:40,4/12/18 2:10,DENEB J,23h,CONTAINER SHIP,CONTAINER,"Crowley Liner Services, Inc.","Crowley Liner Services, Inc.",8280,458.0276,32,32,32,32
PEV-18-000988,4/11/18 5:35,4/11/18 13:55,MAERSK KENTUCKY,8h,CONTAINER SHIP,CONTAINER,Maersk/Sealand.  (Containers),"Florida Stevedoring, Inc.",50698,958.2784,31,31,31,31
PEV-18-001016,4/11/18 5:50,4/11/18 16:10,CARIBBEAN PRINCESS,10h,PASSENGER SHIP,CRUISE - MULTI-DAY,"Princess Cruises, Inc.","Florida Stevedoring, Inc.",112894,950.0464,2,2,2,2
PEV-18-001039,4/11/18 6:35,4/11/18 16:15,VEENDAM,10h,PASSENGER SHIP,CRUISE - MULTI-DAY,Holland America Line,"Florida Stevedoring, Inc.",57092,719.228,19,19,19,19
PEV-18-001028,4/11/18 7:10,4/11/18 16:16,ZUIDERDAM,9h,PASSENGER SHIP,CRUISE - MULTI-DAY,"Holland America Line-Westours, Inc.","Florida Stevedoring, Inc.",82305,936.463,21,21,21,21
PEV-18-001367,4/11/18 7:40,4/13/18 3:15,AS FEDERICA,1d20h,CONTAINER SHIP,CONTAINER,"Crowley Liner Services, Inc.","Crowley Liner Services, Inc.",15375,545.1381,33A,33A,33A,33A
PEV-18-001348,4/11/18 7:45,4/11/18 18:25,LINDA D,11h,LANDING CRAFT,CONTAINER,Seacor Marine Inc.,SEACOR Island Lines LLC,1092,209.3278,17,17,17,17
PEV-18-001358,4/11/18 8:35,4/11/18 16:55,CAPE MAIL,8h,CONTAINER SHIP,CONTAINER,MAILBOAT COMPANY,Portus-PEV LLC,858,218.0224,18,18,18,18
PEV-18-001178,4/11/18 10:00,4/11/18 18:45,MAERSK WINNIPEG,9h,CONTAINER SHIP,CONTAINER,Maersk/Sealand.  (Containers),"Florida International Terminal, LLC",18123,574.5031,30,30,30,30
PEV-18-001308,4/11/18 10:45,4/13/18 7:45,SEABULK ARCTIC,1d21h,TANKER,PETROLEUM,Seabulk Tanker Co.,Citgo Petroleum Corporation,30415,600.423,7,7,7,7
PEV-18-001354,4/11/18 15:30,4/12/18 19:00,VEGA SAGITTARIUS,1d3h,CONTAINER SHIP,CONTAINER,King Ocean Services Limited (Cayman Islands) Incorporated,"Sun Terminals, Inc.",9750,456.6168,32,32,32,32
PEV-18-001384,4/11/18 15:30,4/12/18 0:25,ALLEGRO,9h,CONTAINER SHIP,CONTAINER,MSC Container Mediterranean Shipping,"Florida Stevedoring, Inc.",2984,323.7691,31,31,31,31
PEV-18-001344,4/11/18 20:50,4/13/18 0:45,MAERSK MATSUYAMA,1d4h,TANKER,GASOLINE,BP Shipping (British Petroleum),"Motiva Enterprises, LLC",26911,598.7825,13,13,13,13
PEV-18-001414,4/12/18 0:30,4/12/18 12:10,K-STORM,12h,CONTAINER SHIP,CONTAINER,"Crowley Liner Services, Inc.","Crowley Liner Services, Inc.",8246,458.0276,33C,33C,33A,33A
PEV-18-001383,4/12/18 6:00,4/12/18 14:10,MSC SILVANA,8h,CONTAINER SHIP,CONTAINER,MSC Container Mediterranean Shipping,"Florida Stevedoring, Inc.",94489,1089.292,31,31,31,31
PEV-18-001355,4/12/18 6:25,4/14/18 3:20,HOHERIFF,1d21h,CONTAINER SHIP,CONTAINER,King Ocean Services Limited (Cayman Islands) Incorporated,"Sun Terminals, Inc.",9996,456.3871,17,17,17,17
PEV-18-001389,4/12/18 7:35,4/13/18 6:40,YACHT VICTORIA DEL MAR,23h,YACHT,LAY-IN,Owner (Misc Vessel) Not Listed.,STEVEDORE NOT REQUIRED,781,164.0172,4,4,4,4
PEV-18-001347,4/12/18 7:45,4/13/18 19:15,GRAND EXPRESS,1d12h,LANDING CRAFT,CONTAINER,Seacor Marine Inc.,SEACOR Island Lines LLC,1671,256.2461,6,6,16,16
PEV-18-001171,4/12/18 10:55,4/17/18 22:20,WESTERN BOHEME,5d11h,BULK CARRIER,CEMENT,Oldendorff Carriers,Lehigh Cement,22668,613.547,14,14,14,14
PEV-18-001370,4/12/18 11:50,4/12/18 19:30,SPIRIT OF LISBON,8h,CONTAINER SHIP,CONTAINER,Hamburg-Sud,"Florida International Terminal, LLC",40541,856.4722,30,30,30,30
PEV-18-001312,4/12/18 12:40,4/13/18 10:55,TUG LEGEND,22h,TUG,GASOLINE,Nordsud Shipping,"Marathon Petroleum Company, LLC",2164,147.645,9,9,9,9
PEV-18-001311,4/12/18 12:40,4/13/18 10:55,BARGE 750-2,22h,"TANK BARGE, PUSHED",GASOLINE,Nordsud Shipping,"Marathon Petroleum Company, LLC",25239,600.0293,9,9,9,9
PEV-18-001302,4/12/18 15:50,4/12/18 20:20,VANQUISH,5h,GENERAL CARGO,CONTAINER,Hybur LTD.,H. T. Shipping Inc and Hybur Ltd.,3871,328.0016,16,16,16,16
PEV-18-000962,4/12/18 21:45,4/13/18 8:10,JAUME I,10h,PASSENGER/FERRY,CRUISE - DAILY,"Balearia Caribbean Ltd., Corp.","Host Terminals, LLC",3989,254.1463,1,1,1,1
PEV-18-001369,4/13/18 5:00,4/14/18 13:35,FS IPANEMA,1d9h,CONTAINER SHIP,CONTAINER,King Ocean Services Limited (Cayman Islands) Incorporated,"Sun Terminals, Inc.",21018,589.5629,33A,33A,33A,33A
PEV-18-001365,4/13/18 5:20,4/13/18 18:20,CHIQUITA TRADER,13h,CONTAINER SHIP,CONTAINER,"Chiquita Fresh North America, LLC","Florida International Terminal, LLC",27059,695.0798,30,30,30,30
PEV-18-001032,4/13/18 6:30,4/13/18 16:40,CELEBRITY REFLECTION,10h,PASSENGER SHIP,CRUISE - MULTI-DAY,Celebrity Cruises,Eller-I.T.O. Stevedoring Company L.L.C.,125366,1046.639,18,18,18,18
PEV-18-001417,4/13/18 8:25,4/14/18 3:10,WEISSHORN,19h,CONTAINER SHIP,CONTAINER,"Crowley Liner Services, Inc.","Crowley Liner Services, Inc.",12029,515.5435,32,32,32,32
PEV-18-001368,4/13/18 9:20,4/13/18 22:50,SCM ELPIDA,14h,GENERAL CARGO,CONTAINER,SCM Lines,"Host Terminals, LLC",6170,353.5278,19,19,19,19
PEV-18-001324,4/13/18 11:10,4/14/18 2:40,SEALAND MICHIGAN,16h,CONTAINER SHIP,CONTAINER,Maersk/Sealand.  (Containers),"Florida Stevedoring, Inc.",74583,997.949,31,31,31,31
PEV-18-001374,4/13/18 12:55,4/14/18 1:00,TUG GALVESTON,12h,TUG,JET FUEL,USCS ATB LLC,"TransMontaigne Product Services, Inc.",1348,150.926,7,7,7,7
PEV-18-001373,4/13/18 12:55,4/14/18 1:00,BARGE PETROCHEM PRODUCER,12h,BARGE CARRIER,JET FUEL,USCS ATB LLC,"TransMontaigne Product Services, Inc.",10884,521.761,7,7,7,7
PEV-18-001359,4/13/18 18:55,4/14/18 19:30,TUG GRACIE M. REINAUER,1d1h,TUG,GASOLINE,Reinauer Transportation,ExxonMobil Oil Corporation,634,116.9217,9,9,9,9
PEV-18-001360,4/13/18 18:55,4/14/18 19:30,BARGE RTC 109,1d1h,TANK BARGE,GASOLINE,Reinauer Transportation,ExxonMobil Oil Corporation,6115,413,9,9,9,9
PEV-18-001416,4/13/18 19:50,4/14/18 8:30,REGULA,13h,CONTAINER SHIP,CONTAINER,"Crowley Liner Services, Inc.","Crowley Liner Services, Inc.",7219,435.3887,30,30,30,30
PEV-18-000963,4/13/18 22:00,4/14/18 8:20,JAUME I,10h,PASSENGER/FERRY,CRUISE - DAILY,"Balearia Caribbean Ltd., Corp.","Host Terminals, LLC",3989,254.1463,1,1,1,1
PEV-18-001357,4/14/18 2:40,4/17/18 22:00,JOHANNA C,3d19h,GENERAL CARGO,CEMENT,Cemex Construction Materials Florida LLC,Cemex Construction Materials Florida LLC,9530,452.9749,15,15,15,15
PEV-18-001148,4/14/18 6:00,4/14/18 17:40,FREEDOM OF THE SEAS,12h,PASSENGER SHIP,CRUISE - MULTI-DAY,"Royal Caribbean Cruise, LTD.",Eller-I.T.O. Stevedoring Company L.L.C.,154407,1111.5044,29,29,29,29
PEV-18-001210,4/14/18 6:20,4/14/18 18:35,ZAANDAM,12h,PASSENGER SHIP,CRUISE - MULTI-DAY,Holland America Line,"Florida Stevedoring, Inc.",60906,777.6001,19,19,19,19
PEV-18-001138,4/14/18 6:25,4/14/18 16:40,HARMONY OF THE SEAS,10h,PASSENGER SHIP,CRUISE - MULTI-DAY,"Royal Caribbean Cruise, LTD.",Eller-I.T.O. Stevedoring Company L.L.C.,226963,1188.1157,18,18,18,18
PEV-18-001144,4/14/18 6:35,4/14/18 16:25,CARNIVAL CONQUEST,10h,PASSENGER SHIP,CRUISE - MULTI-DAY,Carnival Corporation,"Florida Stevedoring, Inc.",110239,952.1462,4,4,4,4
PEV-18-001142,4/14/18 7:20,4/14/18 18:15,NIEUW AMSTERDAM,11h,PASSENGER SHIP,CRUISE - MULTI-DAY,"Holland America Line-Westours, Inc.","Florida Stevedoring, Inc.",86273,936.0693,21,21,21,21
PEV-18-001287,4/14/18 7:45,4/14/18 12:00,ALLEGRO,4h,CONTAINER SHIP,CONTAINER,MSC Container Mediterranean Shipping,"Florida Stevedoring, Inc.",2984,323.7691,32,32,32,32
PEV-18-001426,4/14/18 10:00,4/14/18 20:20,PEGASUS J,10h,CONTAINER SHIP,CONTAINER,"Crowley Liner Services, Inc.","Crowley Liner Services, Inc.",8273,458.0276,32,32,32,32
PEV-18-001372,4/14/18 13:50,4/15/18 22:15,BARGE BOUCHARD 270,1d8h,TANK BARGE,PETROLEUM,"Bouchard Transportation Co., Inc.","TransMontaigne Product Services, Inc.",19547,628,7,7,7,7
PEV-18-001371,4/14/18 13:50,4/15/18 22:15,TUG KIM M. BOUCHARD,1d8h,TUG,PETROLEUM,"Bouchard Transportation Co., Inc.",TransMontaigne Operating Company L.P.,1763,150.0073,7,7,7,7
PEV-18-001433,4/14/18 16:15,4/16/18 8:15,BARGE 455-4,1d16h,GENERAL CARGO BARGE,CONTAINER,"Crowley Liner Services, Inc.","Crowley Liner Services, Inc.",7913,400.0195,33C,33C,33A,33A
PEV-18-001428,4/14/18 16:15,4/16/18 8:15,TUG MONITOR,1d16h,TUG,CONTAINER,"Crowley Liner Services, Inc.","Crowley Liner Services, Inc.",538,0,33C,33C,33A,33A
PEV-18-001382,4/14/18 19:50,4/15/18 1:40,DOLE ECUADOR,6h,CONTAINER SHIP,CONTAINER,Dole Fresh Fruit International LTD.,"Sun Terminals, Inc.",16488,586.8069,30,30,30,30
PEV-18-001385,4/14/18 21:00,4/16/18 11:40,BARGE RTC 101,1d15h,BARGE CARRIER,ETHANOL,Reinauer Transportation,"Motiva Enterprises, LLC",6220,409.3,13,13,7,7
PEV-18-001386,4/14/18 21:00,4/16/18 11:40,TUG MORGAN REINAUER,1d15h,TUG,ETHANOL,Reinauer Transportation,"Motiva Enterprises, LLC",184,0,13,13,7,7
PEV-18-001345,4/14/18 21:15,4/16/18 20:45,TUG TINA PYNE,1d23h,TUG,PETROLEUM,Kirby Offshore Marine,"Transmontaigne Product Services, Inc.",1180,135.9974,9,9,9,9
PEV-18-001346,4/14/18 21:15,4/16/18 20:45,BARGE KIRBY 185-02,1d23h,TANK BARGE,PETROLEUM,Kirby Offshore Marine,"Transmontaigne Product Services, Inc.",11647,578,9,9,9,9
PEV-18-001427,4/14/18 21:50,4/15/18 10:25,K-BREEZE,13h,CONTAINER SHIP,CONTAINER,"Crowley Liner Services, Inc.","Crowley Liner Services, Inc.",8246,458.0276,33A,33A,33A,33A
PEV-18-000964,4/14/18 22:10,4/15/18 8:00,JAUME I,10h,PASSENGER/FERRY,CRUISE - DAILY,"Balearia Caribbean Ltd., Corp.","Host Terminals, LLC",3989,254.1463,1,1,1,1
PEV-18-001190,4/15/18 3:20,4/15/18 17:05,JACOB,14h,CONTAINER SHIP,CONTAINER,MSC Container Mediterranean Shipping,"Florida Stevedoring, Inc.",21971,645.7992,32,32,32,32
PEV-18-001421,4/15/18 4:00,4/16/18 21:05,HTC DELTA,1d17h,BULK CARRIER,STEEL,Bulk Atlantic,Portus-PEV LLC,32987,623.3572,5,5,5,5
PEV-18-001377,4/15/18 4:55,4/15/18 23:05,HOEGH SYDNEY,18h,VEHICLES CARRIER,AUTOMOBILES,Hoegh Autoliners,Logistec Stevedoring Inc.,51731,590.2519,19,19,19,19
PEV-18-001012,4/15/18 5:35,4/15/18 16:30,ALLURE OF THE SEAS,11h,PASSENGER SHIP,CRUISE - MULTI-DAY,"Royal Caribbean Cruise, LTD.",Eller-I.T.O. Stevedoring Company L.L.C.,225282,1181.16,18,18,18,18
PEV-18-001026,4/15/18 6:10,4/15/18 16:25,REGAL PRINCESS,10h,PASSENGER SHIP,CRUISE - MULTI-DAY,"Princess Cruises, Inc.","Florida Stevedoring, Inc.",142714,1082.73,2,2,2,2
PEV-18-001020,4/15/18 6:40,4/15/18 16:45,CELEBRITY SILHOUETTE,10h,PASSENGER SHIP,CRUISE - MULTI-DAY,Celebrity Cruises,Eller-I.T.O. Stevedoring Company L.L.C.,122210,1033.515,29,29,29,29
PEV-18-001180,4/15/18 7:40,4/15/18 18:40,MARGARETE SCHULTE,11h,CONTAINER SHIP,CONTAINER,Maersk/Sealand.  (Containers),"Florida International Terminal, LLC",26671,689.01,30,30,30,30
PEV-18-001194,4/15/18 19:25,4/16/18 10:50,MSC LUDOVICA,15h,CONTAINER SHIP,CONTAINER,MSC Container Mediterranean Shipping,"Florida Stevedoring, Inc.",75590,984.3,32,32,32,32
PEV-18-001303,4/15/18 20:05,4/16/18 16:20,VANTAGE,20h,GENERAL CARGO,CONTAINER,Hybur LTD.,H. T. Shipping Inc and Hybur Ltd.,3871,328.0016,16,16,16,16
PEV-18-001439,4/15/18 22:05,4/16/18 5:20,PLANET V,7h,GENERAL CARGO,CONTAINER,King Ocean Services Limited (Cayman Islands) Incorporated,"Sun Terminals, Inc.",4984,381.9084,30,30,30,30
PEV-18-000965,4/15/18 22:20,4/17/18 8:15,JAUME I,1d10h,PASSENGER/FERRY,CRUISE - DAILY,"Balearia Caribbean Ltd., Corp.","Host Terminals, LLC",3989,254.1463,1,1,1,1
PEV-18-001376,4/16/18 1:05,4/17/18 23:10,UACC EAGLE,1d22h,TANKER,JET FUEL,Straits Tankers PTE LTD,Valero Marketing & Supply Co.,42010,750.0366,13,13,13,13
PEV-18-001111,4/16/18 5:10,4/17/18 19:15,SUZUKA EXPRESS,1d14h,VEHICLES CARRIER,AUTOMOBILES,Hoegh Autoliners,Logistec Stevedoring Inc.,43810,590.58,29,29,29,29
PEV-18-001204,4/16/18 6:10,4/16/18 16:45,ROYAL PRINCESS,11h,PASSENGER SHIP,CRUISE - MULTI-DAY,"Princess Cruises, Inc.","Florida Stevedoring, Inc.",142714,1082.73,2,2,2,2
PEV-18-001381,4/16/18 7:05,4/16/18 19:10,LIMARI,12h,CONTAINER SHIP,CONTAINER,Hapag Lloyd,"Florida International Terminal, LLC",42382,878.3237,30,30,30,30
PEV-18-001292,4/16/18 10:15,4/16/18 17:40,ALLEGRO,7h,CONTAINER SHIP,CONTAINER,MSC Container Mediterranean Shipping,"Florida Stevedoring, Inc.",2984,323.7691,33A,33A,33A,33A
PEV-18-001447,4/16/18 15:45,4/16/18 21:45,AGENA,6h,GENERAL CARGO,CONTAINER,King Ocean Services Limited (Cayman Islands) Incorporated,"Sun Terminals, Inc.",2528,284.0034,31,31,31,31
PEV-18-001423,4/16/18 18:30,4/18/18 12:40,TEXAS,1d18h,TANKER,PETROLEUM,"Crowley Petroleum Transport, Inc.",ExxonMobil Oil Corporation,29801,601.4401,7,7,7,7
PEV-18-001375,4/16/18 22:40,4/18/18 23:35,GARDEN STATE,2d1h,TANKER,PETROLEUM,"Crowley Petroleum Transport, Inc.","Motiva Enterprises, LLC",29923,610.266,9,9,9,9
PEV-18-001179,4/17/18 0:20,4/17/18 10:30,MAERSK WEYMOUTH,10h,CONTAINER SHIP,CONTAINER,Maersk/Sealand.  (Containers),"Florida International Terminal, LLC",18123,574.5031,30,30,30,30
PEV-18-001306,4/17/18 7:25,4/17/18 22:50,CARIBE MARINER,15h,CONTAINER SHIP,CONTAINER,Hybur LTD.,H. T. Shipping Inc and Hybur Ltd.,2899,325.7049,17,17,17,17
PEV-18-001438,4/17/18 11:15,4/22/18 0:10,HHL VALPARAISO,4d13h,GENERAL CARGO,YACHTS LOAD ON-OFF,Hansa Heavy Lift,"Host Terminals, LLC",17634,552.9797,4,4,4,4
PEV-18-001431,4/17/18 12:20,4/17/18 22:05,VEGA SACHSEN,10h,GENERAL CARGO,CONTAINER,"Crowley Liner Services, Inc.","Crowley Liner Services, Inc.",9957,484.9646,33A,33A,33A,33A
PEV-18-001444,4/17/18 14:40,4/18/18 0:05,ROTHORN,9h,CONTAINER SHIP,CONTAINER,King Ocean Services Limited (Cayman Islands) Incorporated,"Sun Terminals, Inc.",12029,515.5107,31,31,31,31
PEV-18-001441,4/17/18 16:05,4/19/18 23:35,CHARLOTTE,2d8h,GENERAL CARGO,CONTAINER,King Ocean Services Limited (Cayman Islands) Incorporated,"Sun Terminals, Inc.",2035,297.2586,32,32,31,31
PEV-18-000966,4/17/18 21:35,4/19/18 7:55,JAUME I,1d10h,PASSENGER/FERRY,CRUISE - DAILY,"Balearia Caribbean Ltd., Corp.","Host Terminals, LLC",3989,254.1463,1,1,1,1
PEV-18-001363,4/18/18 1:20,4/19/18 16:05,TEXAS VOYAGER,1d15h,TANKER,GASOLINE,Chevron USA,Chevron USA,29923,610.266,13,13,13,13
PEV-18-001457,4/18/18 1:50,4/19/18 1:50,BARGE EMI 1151,1d,CEMENT CARRIER,SLAG,LEHIGH CEMENT COMPANY,Lehigh Cement,3631,360,14,14,14,14
PEV-18-001456,4/18/18 1:50,4/19/18 0:15,TUG DUTY,22h,TUG,SLAG,LEHIGH CEMENT COMPANY,Lehigh Cement,332,102.0391,14,14,14,14
PEV-18-001321,4/18/18 2:15,4/21/18 20:05,SIDER BILBAO,3d18h,GENERAL CARGO,CEMENT,Cemex Construction Materials Florida LLC,Cemex Construction Materials Florida LLC,9177,447.6268,15,15,15,15
PEV-18-001440,4/18/18 4:25,4/18/18 15:10,PLANET V,11h,GENERAL CARGO,CONTAINER,King Ocean Services Limited (Cayman Islands) Incorporated,"Sun Terminals, Inc.",4984,381.9084,30,30,30,30
PEV-18-001430,4/18/18 5:00,4/20/18 3:55,AS FIORELLA,1d23h,CONTAINER SHIP,CONTAINER,"Crowley Liner Services, Inc.","Crowley Liner Services, Inc.",15375,545.1381,33A,33A,32,32
PEV-18-001023,4/18/18 5:50,4/18/18 17:50,EURODAM,12h,PASSENGER SHIP,CRUISE - MULTI-DAY,Holland America Line,"Florida Stevedoring, Inc.",86273,936.4958,19,19,19,19
PEV-18-001185,4/18/18 6:30,4/18/18 17:15,MAERSK MONTANA,11h,CONTAINER SHIP,CONTAINER,Maersk/Sealand.  (Containers),"Florida Stevedoring, Inc.",50686,958.3145,31,31,31,31
PEV-18-001040,4/18/18 7:05,4/18/18 17:05,VEENDAM,10h,PASSENGER SHIP,CRUISE - MULTI-DAY,Holland America Line,"Florida Stevedoring, Inc.",57092,719.228,21,21,21,21
PEV-18-001425,4/18/18 7:30,4/19/18 5:05,PAVO J,22h,CONTAINER SHIP,CONTAINER,"Crowley Liner Services, Inc.","Crowley Liner Services, Inc.",8246,458.0276,32,32,32,32
PEV-18-001442,4/18/18 7:40,4/19/18 16:00,VEGA LUNA,1d8h,CONTAINER SHIP,CONTAINER,King Ocean Services Limited (Cayman Islands) Incorporated,"Sun Terminals, Inc.",9940,485.1615,17,17,31,31
PEV-18-001434,4/18/18 7:55,4/19/18 12:00,LINDA D,1d4h,LANDING CRAFT,CONTAINER,Seacor Marine Inc.,SEACOR Island Lines LLC,1092,209.3278,16,16,11,11
PEV-18-001451,4/18/18 8:15,4/18/18 14:45,FIESTA MAIL,7h,CONTAINER SHIP,CONTAINER,MAILBOAT COMPANY,Portus-PEV LLC,2485,225.175,18,18,18,18
PEV-18-001323,4/18/18 14:05,4/19/18 18:10,WEST VIRGINIA,1d4h,TANKER,PETROLEUM,Nordsud Shipping,Marathon Petroleum Company LP,29801,601.4401,7,7,7,7
PEV-18-001459,4/18/18 15:45,4/18/18 20:25,TUG DADE,5h,TUG,DIESEL,"Kirby Inland Marine, LP","TransMontaigne Product Services, Inc.",278,99.9721,3,3,3,3
PEV-18-001458,4/18/18 15:45,4/18/18 20:25,BARGE #405,5h,TANK BARGE,DIESEL,"Kirby Inland Marine, LP","TransMontaigne Product Services, Inc.",2113,263.3,3,3,3,3
PEV-18-001432,4/18/18 16:20,4/19/18 5:15,DENEB J,13h,CONTAINER SHIP,CONTAINER,"Crowley Liner Services, Inc.","Crowley Liner Services, Inc.",8280,458.0276,33A,33A,33A,33A
PEV-18-001460,4/18/18 17:10,4/20/18 19:35,WARNOW WHALE,2d2h,CONTAINER SHIP,CONTAINER,Solymar/Agriex Line,Portus-PEV LLC,15375,545.1381,29,29,29,29
PEV-18-001452,4/18/18 17:25,4/18/18 22:15,CAPE MAIL,5h,CONTAINER SHIP,CONTAINER,MAILBOAT COMPANY,Portus-PEV LLC,858,218.0224,18,18,18,18
PEV-18-001289,4/18/18 18:50,4/18/18 22:30,ALLEGRO,4h,CONTAINER SHIP,CONTAINER,MSC Container Mediterranean Shipping,"Florida Stevedoring, Inc.",2984,323.7691,32,32,32,32
PEV-18-001181,4/18/18 19:20,4/19/18 0:30,MAERSK WILMINGTON,5h,CONTAINER SHIP,CONTAINER,Maersk/Sealand.  (Containers),"Florida International Terminal, LLC",17280,564.2992,30,30,30,30
PEV-18-001304,4/18/18 20:20,4/19/18 17:35,CARIBE NAVIGATOR,21h,GENERAL CARGO,CONTAINER,Hybur LTD.,H. T. Shipping Inc and Hybur Ltd.,2996,327.9359,16,16,16,16
PEV-18-001349,4/19/18 1:05,4/20/18 9:10,TUG CORPUS CHRISTI,1d8h,TUG,PETROLEUM,"US Shipping Vessel Management, Inc",Valero Marketing & Supply Co.,1348,150.0467,9,9,9,9
PEV-18-001350,4/19/18 1:05,4/20/18 9:10,BARGE PETROCHEM SUPPLIER,1d8h,TANK BARGE,PETROLEUM,"US Shipping Vessel Management, Inc",Valero Marketing & Supply Co.,10884,521.7446,9,9,9,9
PEV-18-001481,4/19/18 8:50,4/19/18 22:00,CARIBE MARINER,13h,CONTAINER SHIP,CONTAINER,Hybur LTD.,H. T. Shipping Inc and Hybur Ltd.,2899,325.7049,17,17,17,17
PEV-18-001474,4/19/18 9:30,4/23/18 9:30,HAPPY DYNAMIC,4d,GENERAL CARGO,YACHTS LOAD ON-OFF,Happy Dinamic-Rederij-Netherlands,"Host Terminals, LLC",14784,514.8873,5,5,3,3
PEV-18-001424,4/19/18 10:45,4/21/18 0:35,TUCANA J,1d14h,CONTAINER SHIP,CONTAINER,"Crowley Liner Services, Inc.","Crowley Liner Services, Inc.",8246,458.0276,33A,33A,32,32
PEV-18-001422,4/19/18 15:40,4/23/18 0:10,AAL SINGAPORE,3d8h,GENERAL CARGO,YACHTS LOAD ON-OFF,Austral Asia Line Pte Ltd.,"Host Terminals, LLC",23930,635.8578,22,22,22,22
PEV-18-001364,4/19/18 18:05,4/21/18 0:20,OVERSEAS NIKISKI,1d6h,TANKER,PETROLEUM,OSG Ship Management,Valero Marketing & Supply Co.,29242,601.0792,13,13,13,13
PEV-18-000967,4/19/18 21:40,4/20/18 7:55,JAUME I,10h,PASSENGER/FERRY,CRUISE - DAILY,"Balearia Caribbean Ltd., Corp.","Host Terminals, LLC",3989,254.1463,1,1,1,1
PEV-18-001379,4/19/18 22:15,4/20/18 7:45,ELISABETH-S.,10h,CONTAINER SHIP,CONTAINER,Hamburg-Sud,"Florida International Terminal, LLC",40541,856.6691,30,30,30,30
PEV-18-001195,4/20/18 2:40,4/21/18 6:50,MSC TORONTO,1d4h,CONTAINER SHIP,CONTAINER,MSC Container Mediterranean Shipping,"Florida Stevedoring, Inc.",89954,1065.6688,31,31,31,31
PEV-18-001208,4/20/18 6:15,4/20/18 15:55,CORAL PRINCESS,10h,PASSENGER SHIP,CRUISE - MULTI-DAY,"Princess Cruises, Inc.","Florida Stevedoring, Inc.",91627,964.614,2,2,2,2
PEV-18-001206,4/20/18 7:00,4/20/18 17:00,SERENADE OF THE SEAS,10h,PASSENGER SHIP,CRUISE - MULTI-DAY,"Royal Caribbean Cruise, LTD.",Eller-I.T.O. Stevedoring Company L.L.C.,90090,961.9892,19,19,19,19
PEV-18-001446,4/20/18 7:35,4/21/18 13:25,MELBOURNE STRAIT,1d6h,CONTAINER SHIP,CONTAINER,King Ocean Services Limited (Cayman Islands) Incorporated,"Sun Terminals, Inc.",21018,589.4316,33A,33A,33A,33A
PEV-18-001482,4/20/18 7:50,4/20/18 19:00,GRAND EXPRESS,11h,LANDING CRAFT,CONTAINER,Seacor Marine Inc.,SEACOR Island Lines LLC,1671,256.2461,16,16,16,16
PEV-18-001443,4/20/18 8:10,4/20/18 23:45,HOHEBANK,16h,CONTAINER SHIP,CONTAINER,King Ocean Services Limited (Cayman Islands) Incorporated,"Sun Terminals, Inc.",9996,456.3871,17,17,17,17
PEV-18-001472,4/20/18 8:20,4/20/18 17:55,VI-NAIS,10h,GENERAL CARGO,GENERAL CARGO,COASTLINE SHIPLINE LIMITED,"Host Terminals, LLC",487,190.0355,18,18,18,18
PEV-18-001380,4/20/18 10:10,4/21/18 0:50,MONTE ACONCAGUA,15h,CONTAINER SHIP,CONTAINER,Hamburg-Sud,"Florida International Terminal, LLC",69132,892.432,30,30,30,30
PEV-18-001445,4/20/18 10:40,4/21/18 15:20,ROTHORN,1d5h,CONTAINER SHIP,CONTAINER,King Ocean Services Limited (Cayman Islands) Incorporated,"Sun Terminals, Inc.",12029,515.5107,33C,33C,32,32
PEV-18-001489,4/20/18 14:10,4/22/18 9:40,YACHT BLISS,1d20h,YACHT,LAY-IN,Owner (Misc Vessel) Not Listed.,STEVEDORE NOT REQUIRED,458,144.9218,5,5,3,3
PEV-18-001467,4/20/18 21:30,4/22/18 2:15,BARGE BOUCHARD 245,1d5h,TANK BARGE,ETHANOL,Bouchard Transportation.,"Motiva Enterprises, LLC",19065,580.6001,9,9,9,9
PEV-18-001466,4/20/18 21:30,4/22/18 2:15,TUG DANIELLE M. BOUCHARD,1d5h,TUG,ETHANOL,Bouchard Transportation.,"Motiva Enterprises, LLC",1105,149.9745,9,9,9,9
PEV-18-000968,4/20/18 21:45,4/21/18 8:05,JAUME I,10h,PASSENGER/FERRY,CRUISE - DAILY,"Balearia Caribbean Ltd., Corp.","Host Terminals, LLC",3989,254.1463,1,1,1,1
PEV-18-001114,4/20/18 22:15,4/25/18 23:15,THORCO CRYSTAL,5d1h,GENERAL CARGO,YACHTS LOAD ON-OFF,Cross Chartering N.A.,"Host Terminals, LLC",7769,477.812,21,21,11,11
PEV-18-001453,4/20/18 23:40,4/22/18 12:25,STENA COMPANION,1d13h,TANKER,FUEL OIL,Paradise Navigation SA,"TransMontaigne Product Services, Inc.",40690,750.0366,7,7,7,7
PEV-18-001435,4/21/18 2:55,4/21/18 18:05,CHARLESTON EXPRESS,15h,CONTAINER SHIP,CONTAINER,Hapag Lloyd,"Florida International Terminal, LLC",40146,798.4313,30,30,30,30
PEV-18-001415,4/21/18 3:25,4/22/18 10:20,GOLDEN STATE,1d7h,TANKER,PETROLEUM,"Crowley Petroleum Transport, Inc.",Valero Marketing & Supply Co.,29527,600.423,13,13,13,13
PEV-18-001139,4/21/18 6:20,4/21/18 16:30,HARMONY OF THE SEAS,10h,PASSENGER SHIP,CRUISE - MULTI-DAY,"Royal Caribbean Cruise, LTD.",Eller-I.T.O. Stevedoring Company L.L.C.,226963,1188.1157,18,18,18,18
PEV-18-001017,4/21/18 6:50,4/21/18 16:10,CARIBBEAN PRINCESS,9h,PASSENGER SHIP,CRUISE - MULTI-DAY,"Princess Cruises, Inc.","Florida Stevedoring, Inc.",112894,950.0464,2,2,2,2
PEV-18-001212,4/21/18 7:40,4/21/18 17:25,SILVER MUSE,10h,PASSENGER SHIP,CRUISE - MULTI-DAY,Silversea Cruises,"R. O. White & Company, Inc.",40791,698.1968,19,19,19,19
PEV-18-001088,4/21/18 9:00,4/21/18 13:35,JSP AMIHAN,5h,CONTAINER SHIP,CONTAINER,MSC Container Mediterranean Shipping,"Florida Stevedoring, Inc.",9996,456.6168,32,32,32,32
PEV-18-001437,4/21/18 9:10,4/21/18 23:00,AS CLEOPATRA,14h,CONTAINER SHIP,CONTAINER,Solymar/Agriex Line,Portus-PEV LLC,28372,727.3649,29,29,29,29
PEV-18-001478,4/21/18 9:55,4/22/18 2:45,REGULA,17h,CONTAINER SHIP,CONTAINER,"Crowley Liner Services, Inc.","Crowley Liner Services, Inc.",7219,435.3887,33C,33C,33A,33A
PEV-18-001473,4/21/18 10:10,4/21/18 18:00,DANZIGERGRACHT,8h,GENERAL CARGO,YACHTS LOAD ON-OFF,Spliethoff Yachts Line,"Host Terminals, LLC",13558,514.8873,26,26,26,26
PEV-18-001461,4/21/18 19:45,4/22/18 7:15,CHIQUITA EXPRESS,12h,CONTAINER SHIP,CONTAINER,"Chiquita Fresh North America, LLC","Florida International Terminal, LLC",27059,695.0798,30,30,30,30
PEV-18-001182,4/21/18 20:15,4/22/18 11:35,MAERSK WINNIPEG,15h,CONTAINER SHIP,CONTAINER,Maersk/Sealand.  (Containers),"Florida International Terminal, LLC",18123,574.5031,32,32,32,32
PEV-18-001477,4/21/18 20:40,4/22/18 16:25,K-BREEZE,20h,CONTAINER SHIP,CONTAINER,"Crowley Liner Services, Inc.","Crowley Liner Services, Inc.",8246,458.0276,32,32,32,32
PEV-18-001496,4/21/18 21:20,4/23/18 23:30,WESTERN BOHEME,2d2h,BULK CARRIER,CEMENT,Oldendorff Carriers,Lehigh Cement,22668,613.547,14,14,14,14
PEV-18-000969,4/21/18 21:50,4/22/18 8:05,JAUME I,10h,PASSENGER/FERRY,CRUISE - DAILY,"Balearia Caribbean Ltd., Corp.","Host Terminals, LLC",3989,254.1463,1,1,1,1
PEV-18-001149,4/22/18 6:00,4/22/18 17:30,FREEDOM OF THE SEAS,12h,PASSENGER SHIP,CRUISE - MULTI-DAY,"Royal Caribbean Cruise, LTD.",Eller-I.T.O. Stevedoring Company L.L.C.,154407,1111.5044,29,29,29,29
PEV-18-001013,4/22/18 6:30,4/22/18 16:50,ALLURE OF THE SEAS,10h,PASSENGER SHIP,CRUISE - MULTI-DAY,"Royal Caribbean Cruise, LTD.",Eller-I.T.O. Stevedoring Company L.L.C.,225282,1181.16,18,18,18,18
PEV-18-001145,4/22/18 6:45,4/22/18 15:50,CARNIVAL CONQUEST,9h,PASSENGER SHIP,CRUISE - MULTI-DAY,Carnival Corporation,"Florida Stevedoring, Inc.",110239,952.1462,4,4,4,4
PEV-18-001029,4/22/18 7:25,4/22/18 17:15,ZUIDERDAM,10h,PASSENGER SHIP,CRUISE - MULTI-DAY,"Holland America Line-Westours, Inc.","Florida Stevedoring, Inc.",82305,936.463,26,26,26,26
PEV-18-001491,4/22/18 9:25,4/24/18 3:00,K-STORM,1d18h,CONTAINER SHIP,CONTAINER,"Crowley Liner Services, Inc.","Crowley Liner Services, Inc.",8246,458.0276,33A,33A,33A,33A
PEV-18-001082,4/22/18 16:00,4/23/18 6:30,JPO AQUARIUS,15h,CONTAINER SHIP,CONTAINER,MSC Container Mediterranean Shipping,"Florida Stevedoring, Inc.",25361,680.4794,32,32,32,32
PEV-18-001475,4/22/18 18:35,4/23/18 16:15,VANQUISH,22h,GENERAL CARGO,CONTAINER,Hybur LTD.,H. T. Shipping Inc and Hybur Ltd.,3871,328.0016,16,16,16,16
PEV-18-001378,4/22/18 19:25,4/23/18 10:30,MONTE ROSA,15h,CONTAINER SHIP,CONTAINER,Hamburg-Sud,"Florida International Terminal, LLC",69132,892.4976,30,30,30,30
PEV-18-000970,4/22/18 21:50,4/24/18 8:05,JAUME I,1d10h,PASSENGER/FERRY,CRUISE - DAILY,"Balearia Caribbean Ltd., Corp.","Host Terminals, LLC",3989,254.1463,1,1,1,1
PEV-18-001490,4/23/18 0:50,4/23/18 17:10,PEGASUS J,16h,CONTAINER SHIP,CONTAINER,"Crowley Liner Services, Inc.","Crowley Liner Services, Inc.",8273,458.0276,32,32,32,32
PEV-18-001869,4/23/18 4:20,4/28/18 17:15,MINERVA ZEN,5d13h,TANKER,REPAIRS,Minerva Marine,Logistec Stevedoring Inc.,29442,601.0792,19,19,14,14
PEV-18-001420,4/23/18 4:25,4/26/18 23:00,YI LONG SHAN,3d19h,BULK CARRIER,STEEL,Dilek Shipping,Logistec Stevedoring Inc.,32962,623.3572,5,5,5,5
PEV-18-001197,4/23/18 9:05,4/23/18 18:35,MSC MARGARITA,10h,CONTAINER SHIP,CONTAINER,MSC Container Mediterranean Shipping,"Florida Stevedoring, Inc.",66500,909.6244,31,31,31,31
PEV-18-001319,4/23/18 12:45,4/23/18 20:35,CAP REINGA,8h,CONTAINER SHIP,CONTAINER,Maersk/Sealand.  (Containers),"Florida International Terminal, LLC",32984,738.3562,30,30,30,30
PEV-18-001448,4/23/18 16:10,4/25/18 0:45,SEABULK ARCTIC,1d9h,TANKER,PETROLEUM,Seabulk Tanker Co.,Citgo Petroleum Corporation,30415,600.423,9,9,9,9
PEV-18-001290,4/23/18 18:25,4/23/18 23:05,ALLEGRO,5h,CONTAINER SHIP,CONTAINER,MSC Container Mediterranean Shipping,"Florida Stevedoring, Inc.",2984,323.7691,32,32,32,32
PEV-18-001508,4/23/18 20:10,4/24/18 12:40,AGENA,17h,GENERAL CARGO,CONTAINER,King Ocean Services Limited (Cayman Islands) Incorporated,"Sun Terminals, Inc.",2528,284.0034,31,31,31,31
PEV-18-001450,4/23/18 21:45,4/25/18 19:40,BARGE SEA CHEM 1,1d22h,TANK BARGE,JET FUEL,Seabulk Tankers Inc.,Valero Marketing & Supply Co.,14064,584,13,13,13,13
PEV-18-001449,4/23/18 21:45,4/25/18 19:40,TUG SEA POWER,1d22h,TUG,JET FUEL,Seabulk Tankers LTD.,Valero Marketing & Supply Co.,1317,141.083,13,13,13,13
PEV-18-001485,4/23/18 22:35,4/24/18 9:00,DUBLIN EXPRESS,10h,CONTAINER SHIP,CONTAINER,Hamburg-Sud,"Florida International Terminal, LLC",46009,921.961,30,30,30,30
PEV-18-001429,4/23/18 22:50,4/25/18 13:25,BRENTON REEF,1d15h,TANKER,PETROLEUM,Seabulk Tankers LTD.,"TransMontaigne Product Services, Inc.",30770,619.7809,7,7,7,7
PEV-18-001476,4/24/18 6:30,4/24/18 19:15,VANTAGE,13h,GENERAL CARGO,CONTAINER,Hybur LTD.,H. T. Shipping Inc and Hybur Ltd.,3871,328.0016,17,17,17,17
PEV-18-001463,4/24/18 9:05,4/26/18 10:20,USCGC LEGARE WMEC-912,2d1h,USCG,U.S. COAST GUARD,U S Coast Guard,STEVEDORE NOT REQUIRED,1780,270,3,3,3,3
PEV-18-001509,4/24/18 12:25,4/25/18 12:05,JAN CARIBE,24h,GENERAL CARGO,CONTAINER,King Ocean Services Limited (Cayman Islands) Incorporated,"Sun Terminals, Inc.",2770,310.0545,30,30,6,6
PEV-18-001503,4/24/18 13:55,4/27/18 2:10,AS FEDERICA,2d12h,CONTAINER SHIP,CONTAINER,"Crowley Liner Services, Inc.","Crowley Liner Services, Inc.",15375,545.1381,32,32,33A,33A
PEV-18-001480,4/24/18 14:40,4/27/18 4:10,CARIBE NAVIGATOR,2d14h,GENERAL CARGO,CONTAINER,Hybur LTD.,H. T. Shipping Inc and Hybur Ltd.,2996,327.9359,16,16,16,16
PEV-18-001498,4/24/18 16:25,4/25/18 22:30,VEGA SACHSEN,1d6h,GENERAL CARGO,CONTAINER,"Crowley Liner Services, Inc.","Crowley Liner Services, Inc.",9957,484.9646,33A,33A,33C,33C
PEV-18-001497,4/24/18 19:50,4/25/18 2:50,WEISSHORN,7h,CONTAINER SHIP,CONTAINER,"Crowley Liner Services, Inc.","Crowley Liner Services, Inc.",12029,515.5435,31,31,31,31
PEV-18-000971,4/24/18 21:50,4/26/18 8:05,JAUME I,1d10h,PASSENGER/FERRY,CRUISE - DAILY,"Balearia Caribbean Ltd., Corp.","Host Terminals, LLC",3989,254.1463,1,1,1,1
PEV-18-001468,4/25/18 2:40,4/26/18 22:30,OREGON,1d20h,TANKER,PETROLEUM,"Crowley Petroleum Transport, Inc.",ExxonMobil Oil Corporation,30415,600.423,9,9,9,9
PEV-18-001041,4/25/18 7:00,4/25/18 16:15,VEENDAM,9h,PASSENGER SHIP,CRUISE - MULTI-DAY,Holland America Line,"Florida Stevedoring, Inc.",57092,719.228,26,26,26,26
PEV-18-001183,4/25/18 7:30,4/25/18 13:35,MAERSK WOLFSBURG,6h,CONTAINER SHIP,CONTAINER,Maersk/Sealand.  (Containers),"Florida International Terminal, LLC",18123,574.5031,30,30,30,30
PEV-18-001517,4/25/18 7:35,4/25/18 13:10,FIESTA MAIL,6h,CONTAINER SHIP,CONTAINER,MAILBOAT COMPANY,Portus-PEV LLC,2485,225.175,18,18,18,18
PEV-18-001494,4/25/18 7:45,4/25/18 18:55,LINDA D,11h,LANDING CRAFT,CONTAINER,Seacor Marine Inc.,SEACOR Island Lines LLC,1092,209.3278,17,17,17,17
PEV-18-001291,4/25/18 10:55,4/25/18 18:05,JSP AMIHAN,7h,CONTAINER SHIP,CONTAINER,MSC Container Mediterranean Shipping,"Florida Stevedoring, Inc.",9996,456.6168,32,32,32,32
PEV-18-001504,4/25/18 11:55,4/26/18 3:40,DENEB J,16h,CONTAINER SHIP,CONTAINER,"Crowley Liner Services, Inc.","Crowley Liner Services, Inc.",8280,458.0276,33C,33C,32,32
PEV-18-001484,4/25/18 15:40,4/26/18 0:45,LIMARI,9h,CONTAINER SHIP,CONTAINER,Hapag Lloyd,"Florida International Terminal, LLC",42382,878.3237,30,30,30,30
PEV-18-001464,4/25/18 15:45,4/26/18 12:55,BARGE ACADIA,21h,BARGE CARRIER,ASPHALT,Penn Maritime,"Marathon Petroleum Company, LLC",9451,490,8,8,8,8
PEV-18-001465,4/25/18 15:45,4/26/18 12:55,TUG TERESA,21h,TUG,ASPHALT,Penn Maritime,"Marathon Petroleum Company, LLC",656,126.9747,8,8,8,8
PEV-18-001511,4/25/18 19:30,4/26/18 16:10,HOHERIFF,21h,CONTAINER SHIP,CONTAINER,King Ocean Services Limited (Cayman Islands) Incorporated,"Sun Terminals, Inc.",9996,456.3871,31,31,31,31
PEV-18-001486,4/25/18 21:35,4/27/18 12:40,TEXAS VOYAGER,1d15h,TANKER,GASOLINE,Chevron USA,Chevron USA,29923,610.266,13,13,13,13
PEV-18-001483,4/26/18 3:35,4/26/18 23:45,MONTE TAMARO,20h,CONTAINER SHIP,CONTAINER,Hamburg-Sud,"Florida International Terminal, LLC",69132,892.6945,30,30,30,30
PEV-18-001525,4/26/18 5:50,4/27/18 15:05,PAVO J,1d9h,CONTAINER SHIP,CONTAINER,"Crowley Liner Services, Inc.","Crowley Liner Services, Inc.",8246,458.0276,32,32,33A,33A
PEV-18-001514,4/26/18 6:30,4/26/18 16:50,WARNOW WHALE,10h,CONTAINER SHIP,CONTAINER,Solymar/Agriex Line,Portus-PEV LLC,15375,545.1381,19,19,19,19
PEV-18-001507,4/26/18 6:45,4/27/18 22:20,VEGA SAGITTARIUS,1d16h,CONTAINER SHIP,CONTAINER,King Ocean Services Limited (Cayman Islands) Incorporated,"Sun Terminals, Inc.",9750,456.6168,17,17,16,16
PEV-18-001518,4/26/18 10:10,4/26/18 13:30,YACHT STARSHIP,3h,YACHT,FOR BUNKERS ONLY/STORES,Owner (Misc Vessel) Not Listed.,Tropic Oil Company LLC,371,141,1,1,1,1
PEV-18-001418,4/26/18 12:15,4/28/18 22:10,YACHT EXPRESS,2d10h,HEAVY-LOAD CARRIER,YACHTS FLOAT ON-OFF,EXPRESS SHIPPING NV,"Host Terminals, LLC",17951,685.3681,29,29,3,3
PEV-18-001505,4/26/18 13:15,4/26/18 17:45,CAPE MAIL,5h,CONTAINER SHIP,CONTAINER,MAILBOAT COMPANY,Portus-PEV LLC,858,218.0224,18,18,18,18
PEV-18-001499,4/26/18 14:25,4/28/18 0:50,BARGE KIRBY 185-02,1d10h,TANK BARGE,PETROLEUM,Kirby Offshore Marine,"Transmontaigne Product Services, Inc.",11647,578,7,7,7,7
PEV-18-001500,4/26/18 14:25,4/28/18 0:50,TUG TINA PYNE,1d10h,TUG,PETROLEUM,Kirby Offshore Marine,"Transmontaigne Product Services, Inc.",1180,135.9974,7,7,7,7
PEV-18-001495,4/26/18 14:40,4/27/18 18:05,GRAND EXPRESS,1d3h,LANDING CRAFT,CONTAINER,Seacor Marine Inc.,SEACOR Island Lines LLC,1671,256.2461,15,15,15,15
PEV-18-001479,4/26/18 14:45,4/27/18 10:25,CARIBE MARINER,20h,CONTAINER SHIP,CONTAINER,Hybur LTD.,H. T. Shipping Inc and Hybur Ltd.,2899,325.7049,11,11,16,16
PEV-18-001584,4/26/18 17:10,4/27/18 1:00,JAN CARIBE,8h,GENERAL CARGO,CONTAINER,King Ocean Services Limited (Cayman Islands) Incorporated,"Sun Terminals, Inc.",2770,310.0545,31,31,31,31
PEV-18-000972,4/26/18 21:50,4/27/18 8:20,JAUME I,11h,PASSENGER/FERRY,CRUISE - DAILY,"Balearia Caribbean Ltd., Corp.","Host Terminals, LLC",3989,254.1463,1,1,1,1
PEV-18-001487,4/27/18 2:10,4/29/18 9:55,NAVE CASSIOPEIA,2d8h,TANKER,JET FUEL,Navios Tankers Management Inc.,Valero Marketing & Supply Co.,42341,748.593,9,9,9,9
PEV-18-001213,4/27/18 6:00,4/27/18 16:35,PACIFIC PRINCESS,11h,PASSENGER SHIP,CRUISE - MULTI-DAY,"Princess Cruises, Inc.","Florida Stevedoring, Inc.",30277,593.861,2,2,2,2
PEV-18-001515,4/27/18 7:25,4/28/18 2:10,MSC KINGSTON,19h,CONTAINER SHIP,CONTAINER,MSC Container Mediterranean Shipping,"Florida Stevedoring, Inc.",74656,997.949,31,31,31,31
PEV-18-001585,4/27/18 14:00,4/27/18 16:05,YACHT VICTORIA DEL MAR,2h,YACHT,BUNKER,Owner (Misc Vessel) Not Listed.,STEVEDORE NOT REQUIRED,781,164.0172,4,4,4,4
PEV-18-001516,4/27/18 16:00,4/29/18 7:35,GARDEN STATE,1d16h,TANKER,GASOLINE,"Crowley Petroleum Transport, Inc.","Motiva Enterprises, LLC",29923,610.266,13,13,13,13
PEV-18-001523,4/27/18 16:30,4/28/18 12:10,WEISSHORN,20h,CONTAINER SHIP,CONTAINER,"Crowley Liner Services, Inc.","Crowley Liner Services, Inc.",12029,515.5435,33A,33A,33A,33A
PEV-18-001512,4/27/18 17:55,4/29/18 1:40,FS IPANEMA,1d8h,CONTAINER SHIP,CONTAINER,King Ocean Services Limited (Cayman Islands) Incorporated,"Sun Terminals, Inc.",21018,589.5629,22,22,30,30
PEV-18-001521,4/27/18 19:35,4/28/18 9:45,PEGASUS J,14h,CONTAINER SHIP,CONTAINER,"Crowley Liner Services, Inc.","Crowley Liner Services, Inc.",8273,458.0276,32,32,32,32
PEV-18-001519,4/27/18 21:15,4/28/18 8:35,CHIQUITA TRADER,11h,CONTAINER SHIP,CONTAINER,"Chiquita Fresh North America, LLC","Florida International Terminal, LLC",27059,695.0798,30,30,30,30
PEV-18-000973,4/27/18 21:45,4/28/18 8:00,JAUME I,10h,PASSENGER/FERRY,CRUISE - DAILY,"Balearia Caribbean Ltd., Corp.","Host Terminals, LLC",3989,254.1463,1,1,1,1
PEV-18-001522,4/28/18 1:25,4/28/18 20:00,REGULA,19h,CONTAINER SHIP,CONTAINER,"Crowley Liner Services, Inc.","Crowley Liner Services, Inc.",7219,435.3887,33C,33C,32,32
PEV-18-001582,4/28/18 4:15,4/28/18 13:15,ALLEGRO,9h,CONTAINER SHIP,CONTAINER,MSC Container Mediterranean Shipping,"Florida Stevedoring, Inc.",2984,323.7691,32,32,32,32
PEV-18-001150,4/28/18 5:40,4/28/18 17:20,FREEDOM OF THE SEAS,12h,PASSENGER SHIP,CRUISE - MULTI-DAY,"Royal Caribbean Cruise, LTD.",Eller-I.T.O. Stevedoring Company L.L.C.,154407,1111.5044,29,29,29,29
PEV-18-001214,4/28/18 6:00,4/28/18 16:25,AMSTERDAM,10h,PASSENGER SHIP,CRUISE - MULTI-DAY,Holland America Line,"Florida Stevedoring, Inc.",62735,780.3202,26,26,26,26
PEV-18-001140,4/28/18 6:10,4/28/18 16:35,HARMONY OF THE SEAS,10h,PASSENGER SHIP,CRUISE - MULTI-DAY,"Royal Caribbean Cruise, LTD.",Eller-I.T.O. Stevedoring Company L.L.C.,226963,1188.1157,18,18,18,18
PEV-18-001146,4/28/18 6:35,4/28/18 16:00,CARNIVAL CONQUEST,9h,PASSENGER SHIP,CRUISE - MULTI-DAY,Carnival Corporation,"Florida Stevedoring, Inc.",110239,952.1462,4,4,4,4
PEV-18-001471,4/28/18 7:30,4/29/18 12:55,WEST VIRGINIA,1d5h,TANKER,PETROLEUM,Nordsud Shipping,Marathon Petroleum Company LP,29801,601.4401,7,7,7,7
PEV-18-001527,4/28/18 11:15,4/28/18 18:25,AS CLEOPATRA,7h,CONTAINER SHIP,CONTAINER,Solymar/Agriex Line,Portus-PEV LLC,28372,727.3649,19,19,19,19
PEV-18-001524,4/28/18 13:50,4/29/18 17:05,TUCANA J,1d3h,CONTAINER SHIP,CONTAINER,"Crowley Liner Services, Inc.","Crowley Liner Services, Inc.",8246,458.0276,33A,33A,33A,33A
PEV-18-001196,4/28/18 14:45,4/29/18 6:20,HAMMONIA PALATIUM,16h,CONTAINER SHIP,CONTAINER,MSC Container Mediterranean Shipping,"Florida Stevedoring, Inc.",26435,685.4993,32,32,32,32
PEV-18-000974,4/28/18 21:45,4/29/18 8:00,JAUME I,10h,PASSENGER/FERRY,CRUISE - DAILY,"Balearia Caribbean Ltd., Corp.","Host Terminals, LLC",3989,254.1463,1,1,1,1
PEV-18-001014,4/29/18 6:20,4/29/18 16:30,ALLURE OF THE SEAS,10h,PASSENGER SHIP,CRUISE - MULTI-DAY,"Royal Caribbean Cruise, LTD.",Eller-I.T.O. Stevedoring Company L.L.C.,225282,1181.16,18,18,18,18
PEV-18-001564,4/29/18 7:55,4/29/18 15:20,DOLE ECUADOR,7h,CONTAINER SHIP,CONTAINER,Dole Fresh Fruit International LTD.,"Sun Terminals, Inc.",16488,586.8069,31,31,31,31
PEV-18-001488,4/29/18 9:20,4/29/18 19:40,PHILADELPHIA EXPRESS,10h,CONTAINER SHIP,CONTAINER,Hapag Lloyd,"Florida International Terminal, LLC",40146,798.4313,30,30,30,30
PEV-18-001528,4/29/18 11:50,4/30/18 17:05,TEXAS,1d5h,TANKER,PETROLEUM,Exxon,ExxonMobil Oil Corporation,29801,601.4401,9,9,9,9
PEV-18-001327,4/29/18 12:30,4/30/18 1:00,MAERSK WILMINGTON,13h,CONTAINER SHIP,CONTAINER,Maersk/Sealand.  (Containers),"Florida International Terminal, LLC",17280,564.2992,32,32,32,32
PEV-18-001548,4/29/18 14:50,4/30/18 14:40,TUG BROWNSVILLE,24h,TUG,FUEL OIL,USS Vessel Management LLC,TransMontaigne Operating Company L.P.,1348,150.0467,7,7,7,7
PEV-18-001549,4/29/18 14:50,4/30/18 14:40,BARGE PETROCHEM TRADER,24h,TANK BARGE,FUEL OIL,USS Vessel Management LLC,TransMontaigne Operating Company L.P.,10884,521.7446,7,7,7,7
PEV-18-001586,4/29/18 18:20,4/30/18 15:00,VANTAGE,21h,GENERAL CARGO,CONTAINER,Hybur LTD.,H. T. Shipping Inc and Hybur Ltd.,3871,328.0016,16,16,16,16
PEV-18-001326,4/29/18 21:45,4/30/18 10:00,CAP ROBERTA,12h,CONTAINER SHIP,CONTAINER,Maersk/Sealand.  (Containers),"Florida International Terminal, LLC",32901,736.5845,30,30,30,30
PEV-18-000975,4/29/18 22:00,5/1/18 8:15,JAUME I,1d10h,PASSENGER/FERRY,CRUISE - DAILY,"Balearia Caribbean Ltd., Corp.","Host Terminals, LLC",3989,254.1463,1,1,1,1
PEV-18-001492,4/29/18 22:30,5/1/18 15:45,OVERSEAS NIKISKI,1d17h,TANKER,JET FUEL,OSG Ship Management,Valero Marketing & Supply Co.,29242,601.0792,13,13,13,13
PEV-18-001569,4/30/18 2:50,4/30/18 10:00,GREEN FAST,7h,CONTAINER SHIP,CONTAINER,King Ocean Services Limited (Cayman Islands) Incorporated,"Sun Terminals, Inc.",5522,386.8627,31,31,31,31
PEV-18-001215,4/30/18 6:50,4/30/18 18:00,CRYSTAL SYMPHONY,11h,,CRUISE - MULTI-DAY,Crystal Cruises,Eller-I.T.O. Stevedoring Company L.L.C.,51044,780.8999,4,4,4,4
PEV-18-001604,4/30/18 9:30,5/9/18 7:55,USS KEARSARGE LHD-3,8d22h,NAVAL,U.S. NAVY,U.S. Navy,STEVEDORE NOT REQUIRED,41302,847.1,19,19,22,22
PEV-18-001605,4/30/18 9:30,5/6/18 9:30,USS DETROIT LCS-7,6d,NAVAL,U.S. NAVY,U.S. Navy,STEVEDORE NOT REQUIRED,3462,378.3,21,21,21,21
PEV-18-001601,4/30/18 10:05,5/6/18 8:25,USCGC CONFIDENCE WMEC-619,5d22h,NAVAL,U.S. COAST GUARD,U S Coast Guard,STEVEDORE NOT REQUIRED,1110,210.5,22,22,22,22
PEV-18-001602,4/30/18 10:25,5/6/18 8:10,USCGC ROBERT YERED WPC-1104,5d22h,USCG,U.S. COAST GUARD,U S Coast Guard,STEVEDORE NOT REQUIRED,359,153.2,22,22,22,22
PEV-18-001603,4/30/18 10:45,5/6/18 8:05,USCGC WILLOW WLB-202,5d21h,NAVAL,U.S. COAST GUARD,U S Coast Guard,STEVEDORE NOT REQUIRED,1928,225.011,22,22,22,22
PEV-18-001562,4/30/18 11:45,4/30/18 21:00,JPO LIBRA,9h,CONTAINER SHIP,CONTAINER,Hamburg-Sud,"Florida International Terminal, LLC",41359,866.3152,30,30,30,30
PEV-18-001540,4/30/18 11:55,4/30/18 17:40,ALLEGRO,6h,CONTAINER SHIP,CONTAINER,MSC Container Mediterranean Shipping,"Florida Stevedoring, Inc.",2984,323.7691,32,32,32,32
PEV-18-001419,4/30/18 12:05,5/2/18 21:30,SUPER SERVANT 4,2d9h,"HEAVY-LOAD CARRIER, SEMI-SUB",YACHTS FLOAT ON-OFF,Dockwise N.V. (Super Servant),"Host Terminals, LLC",12642,556.1295,29,29,29,29
PEV-18-001537,4/30/18 12:20,5/1/18 23:25,AS FABRIZIA,1d11h,CONTAINER SHIP,CONTAINER,Solymar/Agriex Line,Portus-PEV LLC,15375,545.1381,26,26,26,26
PEV-18-001501,4/30/18 19:30,5/2/18 1:40,TUG COMMITMENT,1d6h,TUG,PETROLEUM,"Crowley Petroleum Transport, Inc.",Valero Marketing & Supply Co.,1052,131.4041,9,9,9,9
PEV-18-001502,4/30/18 19:30,5/2/18 1:40,BARGE 650-6,1d6h,TANK BARGE,PETROLEUM,"Crowley Petroleum Transport, Inc.",Valero Marketing & Supply Co.,13462,587.0037,9,9,9,9
PEV-18-001520,4/30/18 23:00,5/1/18 9:05,K-BREEZE,10h,CONTAINER SHIP,CONTAINER,"Crowley Liner Services, Inc.","Crowley Liner Services, Inc.",8246,458.0276,33A,33A,33A,33A
